facility_name,address,gu
(주)삼성전자(그린센터 2층 계단앞),"충청남도 천안시 서북구 성성동 510 삼성전자(주)천안캠퍼스 충청남도 천안시 서북구 번영로 465, 삼성전자(주)천안캠퍼스 (성성동)",서북구
(주)삼성전자(UT동 1층 정문 앞),"충청남도 천안시 서북구 성성동 510 삼성전자(주)천안캠퍼스 충청남도 천안시 서북구 번영로 465, 삼성전자(주)천안캠퍼스 (성성동)",서북구
(주)삼성전자(C1 1층 탈의실 앞),"충청남도 천안시 서북구 성성동 510 삼성전자(주)천안캠퍼스 충청남도 천안시 서북구 번영로 465, 삼성전자(주)천안캠퍼스 (성성동)",서북구
(주)삼성전자(신정문 입구),"충청남도 천안시 서북구 성성동 510 삼성전자(주)천안캠퍼스 충청남도 천안시 서북구 번영로 465, 삼성전자(주)천안캠퍼스 (성성동)",서북구
(주)삼성전자(C5 1층 정문 스피드게이트),"충청남도 천안시 서북구 성성동 510 삼성전자(주)천안캠퍼스 충청남도 천안시 서북구 번영로 465, 삼성전자(주)천안캠퍼스 (성성동)",서북구
(주)온셀텍(남자 탈의실 출입구),충청남도 천안시 서북구 차암동 426 충청남도 천안시 서북구 3공단6로 86-9 (차암동),서북구
(주)온셀텍(여자 탈의실 출입구),충청남도 천안시 서북구 차암동 426 충청남도 천안시 서북구 3공단6로 86-9 (차암동),서북구
(주)온셀텍(회사 로비),충청남도 천안시 서북구 차암동 426 충청남도 천안시 서북구 3공단6로 86-9 (차암동),서북구
e편한세상1차스마일시티(관리동 2층 관리사무소내),충청남도 천안시 서북구 차암동  442 e편한세상스마일시티 충청남도 천안시 서북구 3공단6로 85-27,서북구
e편한세상두정2차(정문 보안실),"충청남도 천안시 서북구 두정동 2055 e편한세상 두정2차 충청남도 천안시 서북구 노태산로 145(두정동, e편한세상 두정2차)",서북구
e편한세상두정3차(커뮤니티센터내 정수기옆),"충청남도 천안시 서북구 두정동 2063 e편한세상 두정3차 충청남도 천안시 서북구 북일로 21 (두정동, e편한세상 두정3차)",서북구
e편한세상두정3차(관리사무소 출입구 우측 벽면),충청남도 천안시 서북구 두정동  2063 e편한세상 두정3차 충청남도 천안시 서북구 북일로 21,서북구
광명장미아파트(관리사무소1층현관),"충청남도 천안시 서북구 쌍용동 1233 광명아파트 충청남도 천안시 서북구 미라2길 19(쌍용동, 광명아파트)",서북구
대우목화아파트(6동앞 1차경비실),"충청남도 천안시 서북구 성정동 643 대우목화아파트 충청남도 천안시 서북구 서부16길 49  (성정동, 대우목화아파트)",서북구
대우타워아파트(정문 경비실 내),충청남도 천안시 서북구 쌍용동  889 대우타워아파트 충청남도 천안시 서북구 미라15길 24,서북구
대전지방고용노동청천안지청(1층 고객지원실 옆),"충청남도 천안시 서북구 두정동 900 고용노동부천안지청 충청남도 천안시 서북구 원두정8길 3, 고용노동부천안지청 (두정동)",서북구
대전지방고용노동청천안지청천안고용센터(천안고용센터 4층 우편함 옆),"충청남도 천안시 서북구 성정동 1437 충남타워 충청남도 천안시 서북구 동서대로 163, 충남타워 (성정동)",서북구
두정역범양레우스알파(관리사무소),"충청남도 천안시 서북구 두정동 399-1 두정역범양레우스 알파 충청남도 천안시 서북구 두정공단2길 26 (두정동, 두정역범양레우스 알파)",서북구
두정역푸르지오아파트(후문상황실입구),충청남도 천안시 서북구 두정동  2037 두정역푸르지오아파트 충청남도 천안시 서북구 두정역길 48,서북구
두정역푸르지오아파트(정문경비실),"충청남도 천안시 서북구 두정동 2037 두정역푸르지오아파트 충청남도 천안시 서북구 두정역길 48 (두정동, 두정역푸르지오아파트)",서북구
두정우성아파트(관리사무소),"충청남도 천안시 서북구 두정동 1909 우성아파트 충청남도 천안시 서북구 두정고7길 36  (두정동, 우성아파트)",서북구
두정주공8단지아파트(관리동),"충청남도 천안시 서북구 두정동 527 주공8단지아파트 충청남도 천안시 서북구 두정중5길 33  (두정동, 주공8단지아파트)",서북구
듀폰스페셜티머터리얼스코리아유한회사(차암동 (office)),"충청남도 천안시 서북구 차암동 410 한국유미코아(유) 충청남도 천안시 서북구 3공단2로 71, 한국유미코아(유) (차암동)",서북구
듀폰스페셜티머터리얼스코리아유한회사(차암동 (ACT)),"충청남도 천안시 서북구 차암동 410 한국유미코아(유) 충청남도 천안시 서북구 3공단2로 71, 한국유미코아(유) (차암동)",서북구
듀폰스페셜티머터리얼스코리아유한회사(차암동 (APT)),"충청남도 천안시 서북구 차암동 410 한국유미코아(유) 충청남도 천안시 서북구 3공단2로 71, 한국유미코아(유) (차암동)",서북구
롯데웰푸드천안공장(관리동 3층 식당 입구),"충청남도 천안시 서북구 성성동 494 롯데푸드천안공장 충청남도 천안시 서북구 2공단4로 19, 롯데푸드천안공장 (성성동)",서북구
롯데웰푸드천안공장(정제동 현관 앞),"충청남도 천안시 서북구 성성동 494 롯데푸드천안공장 충청남도 천안시 서북구 2공단4로 19, 롯데푸드천안공장 (성성동)",서북구
불당동일하이빌아파트(종합상황실 앞),"충청남도 천안시 서북구 불당동 750 불당마을동일하이빌아파트 충청남도 천안시 서북구 시청로 73 (불당동, 불당마을동일하이빌아파트)",서북구
삼성디스플레이(주)(A1 3F 창고),"충청남도 천안시 서북구 성성동 510 삼성전자(주)천안캠퍼스 충청남도 천안시 서북구 번영로 465, 삼성전자(주)천안캠퍼스 (성성동)",서북구
삼성디스플레이(주)(A1 5F 3번반입구),"충청남도 천안시 서북구 성성동 510 삼성전자(주)천안캠퍼스 충청남도 천안시 서북구 번영로 465, 삼성전자(주)천안캠퍼스 (성성동)",서북구
삼성디스플레이(주)(A1 3F 1번반입구),"충청남도 천안시 서북구 성성동 510 삼성전자(주)천안캠퍼스 충청남도 천안시 서북구 번영로 465, 삼성전자(주)천안캠퍼스 (성성동)",서북구
삼성디스플레이(주)(A1 2F 2번반입구),"충청남도 천안시 서북구 성성동 510 삼성전자(주)천안캠퍼스 충청남도 천안시 서북구 번영로 465, 삼성전자(주)천안캠퍼스 (성성동)",서북구
삼성디스플레이(주)(E/V 앞),"충청남도 천안시 서북구 성성동 510 삼성전자(주)천안캠퍼스 충청남도 천안시 서북구 번영로 465, 삼성전자(주)천안캠퍼스 (성성동)",서북구
삼성디스플레이(주)(A1 UT동 1F 입구),"충청남도 천안시 서북구 성성동 510 삼성전자(주)천안캠퍼스 충청남도 천안시 서북구 번영로 465, 삼성전자(주)천안캠퍼스 (성성동)",서북구
삼성디스플레이(주)(A1 2F 개발샵입구),"충청남도 천안시 서북구 성성동 510 삼성전자(주)천안캠퍼스 충청남도 천안시 서북구 번영로 465, 삼성전자(주)천안캠퍼스 (성성동)",서북구
삼성디스플레이(주)(A1 5F 4번반입구),"충청남도 천안시 서북구 성성동 510 삼성전자(주)천안캠퍼스 충청남도 천안시 서북구 번영로 465, 삼성전자(주)천안캠퍼스 (성성동)",서북구
삼성디스플레이(주)(A1 5F 1번반입구),"충청남도 천안시 서북구 성성동 510 삼성전자(주)천안캠퍼스 충청남도 천안시 서북구 번영로 465, 삼성전자(주)천안캠퍼스 (성성동)",서북구
삼성디스플레이(주)(A1 UT동 RF 입구),"충청남도 천안시 서북구 성성동 510 삼성전자(주)천안캠퍼스 충청남도 천안시 서북구 번영로 465, 삼성전자(주)천안캠퍼스 (성성동)",서북구
삼성디스플레이(주)(A1 2F 천안환경안전그룹),"충청남도 천안시 서북구 성성동 510 삼성전자(주)천안캠퍼스 충청남도 천안시 서북구 번영로 465, 삼성전자(주)천안캠퍼스 (성성동)",서북구
삼성디스플레이(주)(A1 3F 2번 반입구),"충청남도 천안시 서북구 성성동 510 삼성전자(주)천안캠퍼스 충청남도 천안시 서북구 번영로 465, 삼성전자(주)천안캠퍼스 (성성동)",서북구
삼성디스플레이(주)(A1 1F 연결통로),"충청남도 천안시 서북구 성성동 510 삼성전자(주)천안캠퍼스 충청남도 천안시 서북구 번영로 465, 삼성전자(주)천안캠퍼스 (성성동)",서북구
삼성디스플레이(주)(A1 2F 4번반입구),"충청남도 천안시 서북구 성성동 510 삼성전자(주)천안캠퍼스 충청남도 천안시 서북구 번영로 465, 삼성전자(주)천안캠퍼스 (성성동)",서북구
삼성디스플레이(주)(A1 2F 1번반입구),"충청남도 천안시 서북구 성성동 510 삼성전자(주)천안캠퍼스 충청남도 천안시 서북구 번영로 465, 삼성전자(주)천안캠퍼스 (성성동)",서북구
삼성디스플레이(주)(A1 3F 3번반입구),"충청남도 천안시 서북구 성성동 510 삼성전자(주)천안캠퍼스 충청남도 천안시 서북구 번영로 465, 삼성전자(주)천안캠퍼스 (성성동)",서북구
삼성디스플레이(주)(A1 1F 1번반입구),"충청남도 천안시 서북구 성성동 510 삼성전자(주)천안캠퍼스 충청남도 천안시 서북구 번영로 465, 삼성전자(주)천안캠퍼스 (성성동)",서북구
삼성디스플레이(주)(A1 4F 3번 반입구),"충청남도 천안시 서북구 성성동 510 삼성전자(주)천안캠퍼스 충청남도 천안시 서북구 번영로 465, 삼성전자(주)천안캠퍼스 (성성동)",서북구
삼성디스플레이(주)(GCS동 1F 사무실),"충청남도 천안시 서북구 성성동 510 삼성전자(주)천안캠퍼스 충청남도 천안시 서북구 번영로 465, 삼성전자(주)천안캠퍼스 (성성동)",서북구
삼성디스플레이(주)(A1 2F 로비),"충청남도 천안시 서북구 성성동 510 삼성전자(주)천안캠퍼스 충청남도 천안시 서북구 번영로 465, 삼성전자(주)천안캠퍼스 (성성동)",서북구
삼성디스플레이(주)(A1 2F 스막),"충청남도 천안시 서북구 성성동 510 삼성전자(주)천안캠퍼스 충청남도 천안시 서북구 번영로 465, 삼성전자(주)천안캠퍼스 (성성동)",서북구
삼성디스플레이(주)(A1 2F 3번반입구),"충청남도 천안시 서북구 성성동 510 삼성전자(주)천안캠퍼스 충청남도 천안시 서북구 번영로 465, 삼성전자(주)천안캠퍼스 (성성동)",서북구
삼성디스플레이(주)(A1 3F 4번반입구),"충청남도 천안시 서북구 성성동 510 삼성전자(주)천안캠퍼스 충청남도 천안시 서북구 번영로 465, 삼성전자(주)천안캠퍼스 (성성동)",서북구
삼성디스플레이(주)(A1 1F 3번반입구),"충청남도 천안시 서북구 성성동 510 삼성전자(주)천안캠퍼스 충청남도 천안시 서북구 번영로 465, 삼성전자(주)천안캠퍼스 (성성동)",서북구
삼성디스플레이(주)(A1 RF 3번 반입구),"충청남도 천안시 서북구 성성동 510 삼성전자(주)천안캠퍼스 충청남도 천안시 서북구 번영로 465, 삼성전자(주)천안캠퍼스 (성성동)",서북구
삼성디스플레이(주)(A1 RF 2번 반입구),"충청남도 천안시 서북구 성성동 510 삼성전자(주)천안캠퍼스 충청남도 천안시 서북구 번영로 465, 삼성전자(주)천안캠퍼스 (성성동)",서북구
삼성디스플레이(주)(가스트레일러 1F 사무실),"충청남도 천안시 서북구 성성동 510 삼성전자(주)천안캠퍼스 충청남도 천안시 서북구 번영로 465, 삼성전자(주)천안캠퍼스 (성성동)",서북구
삼성디스플레이(주)(A1 1F 2번반입구),"충청남도 천안시 서북구 성성동 510 삼성전자(주)천안캠퍼스 충청남도 천안시 서북구 번영로 465, 삼성전자(주)천안캠퍼스 (성성동)",서북구
삼성디스플레이(주)(A1 RF 4번 반입구),"충청남도 천안시 서북구 성성동 510 삼성전자(주)천안캠퍼스 충청남도 천안시 서북구 번영로 465, 삼성전자(주)천안캠퍼스 (성성동)",서북구
삼성디스플레이(주)(A1 B1F 공동구 입구),"충청남도 천안시 서북구 성성동 510 삼성전자(주)천안캠퍼스 충청남도 천안시 서북구 번영로 465, 삼성전자(주)천안캠퍼스 (성성동)",서북구
삼성디스플레이(주)(A1 5F E/V 앞),"충청남도 천안시 서북구 성성동 510 삼성전자(주)천안캠퍼스 충청남도 천안시 서북구 번영로 465, 삼성전자(주)천안캠퍼스 (성성동)",서북구
삼성디스플레이(주)(A1 B1F D반입구),"충청남도 천안시 서북구 성성동 510 삼성전자(주)천안캠퍼스 충청남도 천안시 서북구 번영로 465, 삼성전자(주)천안캠퍼스 (성성동)",서북구
삼성디스플레이(주)(A1 RF 1번 반입구),"충청남도 천안시 서북구 성성동 510 삼성전자(주)천안캠퍼스 충청남도 천안시 서북구 번영로 465, 삼성전자(주)천안캠퍼스 (성성동)",서북구
삼성디스플레이(주)(A1 5F 스막),"충청남도 천안시 서북구 성성동 510 삼성전자(주)천안캠퍼스 충청남도 천안시 서북구 번영로 465, 삼성전자(주)천안캠퍼스 (성성동)",서북구
삼성디스플레이(주)(A1 B1F C반입구),"충청남도 천안시 서북구 성성동 510 삼성전자(주)천안캠퍼스 충청남도 천안시 서북구 번영로 465, 삼성전자(주)천안캠퍼스 (성성동)",서북구
삼성디스플레이(주)(A1 3F 스막),"충청남도 천안시 서북구 성성동 510 삼성전자(주)천안캠퍼스 충청남도 천안시 서북구 번영로 465, 삼성전자(주)천안캠퍼스 (성성동)",서북구
삼성디스플레이(주)(A1 3F 대여),"충청남도 천안시 서북구 성성동 510 삼성전자(주)천안캠퍼스 충청남도 천안시 서북구 번영로 465, 삼성전자(주)천안캠퍼스 (성성동)",서북구
삼성디스플레이(주)(A1 5F 2번반입구),"충청남도 천안시 서북구 성성동 510 삼성전자(주)천안캠퍼스 충청남도 천안시 서북구 번영로 465, 삼성전자(주)천안캠퍼스 (성성동)",서북구
삼성디스플레이(주)(A1 4F 4번반입구),"충청남도 천안시 서북구 성성동 510 삼성전자(주)천안캠퍼스 충청남도 천안시 서북구 번영로 465, 삼성전자(주)천안캠퍼스 (성성동)",서북구
삼성디스플레이(주)(A1 4F 1번반입구),"충청남도 천안시 서북구 성성동 510 삼성전자(주)천안캠퍼스 충청남도 천안시 서북구 번영로 465, 삼성전자(주)천안캠퍼스 (성성동)",서북구
삼성디스플레이(주)(A1 3F 로비),"충청남도 천안시 서북구 성성동 510 삼성전자(주)천안캠퍼스 충청남도 천안시 서북구 번영로 465, 삼성전자(주)천안캠퍼스 (성성동)",서북구
삼성디스플레이(주)(A1 5F 운영 CCR),"충청남도 천안시 서북구 성성동 510 삼성전자(주)천안캠퍼스 충청남도 천안시 서북구 번영로 465, 삼성전자(주)천안캠퍼스 (성성동)",서북구
삼성디스플레이(주)(A1 4F 2번반입구),"충청남도 천안시 서북구 성성동 510 삼성전자(주)천안캠퍼스 충청남도 천안시 서북구 번영로 465, 삼성전자(주)천안캠퍼스 (성성동)",서북구
삼성디스플레이(주)(A1 1F 로비),"충청남도 천안시 서북구 성성동 510 삼성전자(주)천안캠퍼스 충청남도 천안시 서북구 번영로 465, 삼성전자(주)천안캠퍼스 (성성동)",서북구
삼성물산천안C라인마감공사현장(사외화 휴게실 출입문),"충청남도 천안시 서북구 성성동 512-1 삼성OK주유소 충청남도 천안시 서북구 3공단5로 78, 삼성OK주유소 (성성동)",서북구
삼성물산천안C라인마감공사현장(외부캠프 2F 출입문),"충청남도 천안시 서북구 성성동 512-1 삼성OK주유소 충청남도 천안시 서북구 3공단5로 78, 삼성OK주유소 (성성동)",서북구
성성비스타동원아파트(정문경비실),충청남도 천안시 서북구 성성동 734 충청남도 천안시 서북구 성성6로 129 (성성동),서북구
성정현대(관리사무소 입구),"충청남도 천안시 서북구 성정동 434 현대아파트 충청남도 천안시 서북구 쌍용대로 303 (성정동, 현대아파트)",서북구
신당고등학교(3층 홈베이스),"충청남도 천안시 서북구 신당동 286-2 천안신당고등학교 충청남도 천안시 서북구 신당새터2길 36, 천안신당고등학교 (신당동)",서북구
신당고등학교(본교1층),"충청남도 천안시 서북구 신당동 286-2 천안신당고등학교 충청남도 천안시 서북구 신당새터2길 36, 천안신당고등학교 (신당동)",서북구
신동아파밀리에(관리동1층),충청남도 천안시 서북구 와촌동  173 신동아파밀리에아파트 충청남도 천안시 서북구 천안천4길 18-10,서북구
신세계푸드(건물 입구),"충청남도 천안시 서북구 업성동 623-2 조선호텔베이커리 충청남도 천안시 서북구 2공단3로 101, 조선호텔베이커리 (업성동)",서북구
쌍용동일하이빌(아파트 정문 경비실 옆),"충청남도 천안시 서북구 쌍용동 2077 쌍용동일하이빌아파트 충청남도 천안시 서북구 충무로 5-16(쌍용동, 쌍용동일하이빌아파트)",서북구
쌍용마을뜨란채(관리동 2층),"충청남도 천안시 서북구 쌍용동 1920 쌍용마을뜨란채아파트 충청남도 천안시 서북구 봉서산샛길 64 (쌍용동, 쌍용마을뜨란채아파트)",서북구
쌍용마을뜨란채아파트(천안쌍용5-2관리실앞),"충청남도 천안시 서북구 쌍용동 1920 쌍용마을뜨란채아파트 천안쌍용5-2관리사무소 충청남도 천안시 서북구 봉서산샛길 64 천안쌍용5-2관리사무소 (쌍용동, 쌍용마을뜨란채아파트)",서북구
쌍용자이아파트(경비실),"충청남도 천안시 서북구 쌍용동 2075 쌍용자이아파트 충청남도 천안시 서북구 월봉1길 15(쌍용동, 쌍용자이아파트)",서북구
쌍용자이아파트(관리사무소 앞),"충청남도 천안시 서북구 쌍용동 2075 쌍용자이아파트 충청남도 천안시 서북구 월봉1길 15(쌍용동, 쌍용자이아파트)",서북구
에드워드코리아(1층 창고),"충청남도 천안시 서북구 차암동 428 에드워드코리아 충청남도 천안시 서북구 3공단6로 80, 에드워드코리아 (차암동)",서북구
용암마을아파트(관리동 지하1층 현관),충청남도 천안시 서북구 쌍용동  1923 용암마을아파트 충청남도 천안시 서북구 월봉로 131,서북구
우남두정마을아파트(우남두정마을아파트관리사무소),충청남도 천안시 서북구 두정동 1596 우남아파트 충청남도 천안시 서북구 두정역서5길 11,서북구
월봉벽산태영아파트(관리사무소1층현관입구),충청남도 천안시 서북구 쌍용동  1538 월봉벽산태영아파트 충청남도 천안시 서북구 월봉4로 140-14,서북구
월봉일성아파트(제2경비초소),"충청남도 천안시 서북구 쌍용동 1547 월봉일성아파트 충청남도 천안시 서북구 월봉4로 120-16 (쌍용동, 월봉일성아파트)",서북구
월봉청솔1차아파트(관리사무소내부),"충청남도 천안시 서북구 쌍용동 1367 월봉청솔1단지아파트 충청남도 천안시 서북구 월봉4로 140-9 (쌍용동, 월봉청솔1단지아파트)",서북구
이마트 천안점(1층 고객센터),"충청남도 천안시 서북구 쌍용동 191 E 마트 충청남도 천안시 서북구 충무로 187, E 마트 (쌍용동)",서북구
이편한세상천안부성아파트(관리사무소내),"충청남도 천안시 서북구 신당동 705 e편한세상 천안부성 충청남도 천안시 서북구 천안대로 1287-1  (신당동, e편한세상 천안부성)",서북구
일성1차아파트(103동 앞 103동 경비실외부),충청남도 천안시 서북구 쌍용동  848 일성아파트 충청남도 천안시 서북구 봉서7길 13,서북구
주공5단지2차아파트(관리사무실),"충청남도 천안시 서북구 성정동 717 주공5단지아파트 충청남도 천안시 서북구 성정로 75  (성정동, 주공5단지아파트)",서북구
주공6단지1차아파트(정문경비실 107동108동사이),충청남도 천안시 서북구 서부대로 648-13 충청남도 천안시 서북구 서부대로 648-13,서북구
주공6단지3차(관리사무소 건물 노인정 출입구 왼쪽 벽면),충청남도 천안시 서북구 쌍용대로 289-11 충청남도 천안시 서북구 쌍용대로 289-11,서북구
주공9단지1차(아파트내 경비4초소),충청남도 천안시 서북구 쌍용동  1914 주공9단지아파트 충청남도 천안시 서북구 봉서산샛길 65,서북구
천안꽃마루유치원(1층 방재실 앞),충청남도 천안시 서북구 성성동 924 충청남도 천안시 서북구 성성6로 37 (성성동),서북구
천안두정LH1단지아파트(방제실 옆),"충청남도 천안시 서북구 두정동 581 천안두정엘에이치1단지 충청남도 천안시 서북구 오성1길 12-10(두정동, 천안두정엘에이치1단지)",서북구
천안레이크타운2차푸르지오(레이크타운2차아파트후문경비실),"충청남도 천안시 서북구 성성동 697 천안레이크타운2차 푸르지오 충청남도 천안시 서북구 성성9로 14  (성성동, 천안레이크타운2차 푸르지오)",서북구
천안레이크타운3차푸르지오아파트(경비1초소 내),"충청남도 천안시 서북구 성성동 969 천안레이크타운3차푸르지오 충청남도 천안시 서북구 성성6로 68 (성성동, 천안레이크타운3차푸르지오)",서북구
천안레이크타운3차푸르지오아파트(관리사무소 앞),"충청남도 천안시 서북구 성성동 969 천안레이크타운3차푸르지오 충청남도 천안시 서북구 성성6로 68 (성성동, 천안레이크타운3차푸르지오)",서북구
천안불당대동다숲아파트(관리동 1층 입구),"충청남도 천안시 서북구 불당동 820 대동다숲아파트 충청남도 천안시 서북구 시청로 39 (불당동, 대동다숲아파트)",서북구
천안시시설관리공단 축구센터(인조 1구장),"충청남도 천안시 서북구 성정동 354 천안축구센터 충청남도 천안시 서북구 축구센터로 150, 천안축구센터 (성정동)",서북구
천안시시설관리공단 축구센터(인조 3구장),"충청남도 천안시 서북구 성정동 354 천안축구센터 충청남도 천안시 서북구 축구센터로 150, 천안축구센터 (성정동)",서북구
천안시시설관리공단 축구센터(인조1구장 관람석),"충청남도 천안시 서북구 성정동 354 천안축구센터 충청남도 천안시 서북구 축구센터로 150, 천안축구센터 (성정동)",서북구
천안시티자이아파트(천안시티자이아파트(112동 3~4라인 입구)),"충청남도 천안시 서북구 성성동 827 천안시티자이 충청남도 천안시 서북구 성성6로 21 (성성동, 천안시티자이)",서북구
천안시티자이아파트(천안시티자이아파트(정문 경비초소)),"충청남도 천안시 서북구 성성동 827 천안시티자이 충청남도 천안시 서북구 성성6로 21 (성성동, 천안시티자이)",서북구
천안시티자이아파트(천안시티자이아파트(101동 3~4라인 입구)),"충청남도 천안시 서북구 성성동 827 천안시티자이 충청남도 천안시 서북구 성성6로 21 (성성동, 천안시티자이)",서북구
천안시티자이아파트(천안시티자이아파트(102동 3~4라인 입구)),"충청남도 천안시 서북구 성성동 827 천안시티자이 충청남도 천안시 서북구 성성6로 21 (성성동, 천안시티자이)",서북구
천안시티자이아파트(천안시티자이아파트(103동 3~4라인 입구)),"충청남도 천안시 서북구 성성동 827 천안시티자이 충청남도 천안시 서북구 성성6로 21 (성성동, 천안시티자이)",서북구
천안시티자이아파트(천안시티자이아파트(105동 3~4라인 입구)),"충청남도 천안시 서북구 성성동 827 천안시티자이 충청남도 천안시 서북구 성성6로 21 (성성동, 천안시티자이)",서북구
천안시티자이아파트(관리사무소),"충청남도 천안시 서북구 성성동 827 천안시티자이 충청남도 천안시 서북구 성성6로 21  (성성동, 천안시티자이)",서북구
천안시티자이아파트(천안시티자이아파트(111동 3~4라인 입구)),"충청남도 천안시 서북구 성성동 827 천안시티자이 충청남도 천안시 서북구 성성6로 21 (성성동, 천안시티자이)",서북구
천안시티자이아파트(천안시티자이아파트(109동 3~4라인 입구)),"충청남도 천안시 서북구 성성동 827 천안시티자이 충청남도 천안시 서북구 성성6로 21 (성성동, 천안시티자이)",서북구
천안시티자이아파트(천안시티자이아파트(108동 3~4라인 입구)),"충청남도 천안시 서북구 성성동 827 천안시티자이 충청남도 천안시 서북구 성성6로 21 (성성동, 천안시티자이)",서북구
천안시티자이아파트(천안시티자이아파트(107동 3~4라인 입구)),"충청남도 천안시 서북구 성성동 827 천안시티자이 충청남도 천안시 서북구 성성6로 21 (성성동, 천안시티자이)",서북구
천안시티자이아파트(천안시티자이아파트(106동 3~4라인 입구)),"충청남도 천안시 서북구 성성동 827 천안시티자이 충청남도 천안시 서북구 성성6로 21 (성성동, 천안시티자이)",서북구
천안시티자이아파트(천안시티자이아파트(104동 3~4라인 입구)),"충청남도 천안시 서북구 성성동 827 천안시티자이 충청남도 천안시 서북구 성성6로 21 (성성동, 천안시티자이)",서북구
천안시티자이아파트(천안시티자이아파트(110동 3~4라인 입구)),"충청남도 천안시 서북구 성성동 827 천안시티자이 충청남도 천안시 서북구 성성6로 21 (성성동, 천안시티자이)",서북구
천안아이파크시티(HDC현대산업개발)(HDC안전교육장),충청남도 천안시 서북구 성성동 34-1 충청남도 천안시 서북구 과수원길 45-27 (성성동),서북구
천안아이파크시티(HDC현대산업개발)(현장내부 근로자쉼터(1)),충청남도 천안시 서북구 성성동 34-1 충청남도 천안시 서북구 과수원길 45-27 (성성동),서북구
천안역사동아라이크텐아파트(후문 경비실),"충청남도 천안시 서북구 와촌동 186 천안역사 동아라이크텐 충청남도 천안시 서북구 천안천4길 20(와촌동, 천안역사 동아라이크텐)",서북구
천안역사동아라이크텐아파트(정문 경비실),"충청남도 천안시 서북구 와촌동 186 천안역사 동아라이크텐 충청남도 천안시 서북구 천안천4길 20(와촌동, 천안역사 동아라이크텐)",서북구
천안푸르지오레이크사이드아파트(관리동),"충청남도 천안시 서북구 성성동 968 천안푸르지오레이크사이드 충청남도 천안시 서북구 성성7로 36 (성성동, 천안푸르지오레이크사이드)",서북구
코스트코코리아천안점(1층 화장실 앞),"충청남도 천안시 서북구 차암동 438 코스트코 충청남도 천안시 서북구 3공단6로 77, 코스트코 (차암동)",서북구
파크밸리동일하이빌(관리사무소 옆 상황실),충청남도 천안시 서북구 쌍용동  2100 파크밸리동일하이빌 충청남도 천안시 서북구 봉서산1길 35,서북구
포레나천안두정아파트(경비실(정문)),충청남도 천안시 서북구 두정동 2068 충청남도 천안시 서북구 천안대로 980-17(두정동),서북구
포레나천안두정아파트(관리사무소),충청남도 천안시 서북구 두정동 2068 충청남도 천안시 서북구 천안대로 980-17(두정동),서북구
포레나천안두정아파트(경비실(후문)),충청남도 천안시 서북구 두정동 2068 충청남도 천안시 서북구 천안대로 980-17(두정동),서북구
한국마사회천안지점(1층 로비),"충청남도 천안시 서북구 두정동 1394 희망빌딩 충청남도 천안시 서북구 성정두정로 62, 희망빌딩 (두정동)",서북구
한국철도공사두정역(남부역사 맞이방),"충청남도 천안시 서북구 두정동 84-1 두정역 충청남도 천안시 서북구 두정로 289, 두정역 (두정동)",서북구
한국철도공사두정역(북부역사맞이방(출입구)),"충청남도 천안시 서북구 두정동 84-1 두정역 충청남도 천안시 서북구 두정로 289, 두정역 (두정동)",서북구
한성3차필하우스(정문 경비실),"충청남도 천안시 서북구 두정동 2035 한성3차필하우스아파트 충청남도 천안시 서북구 봉정로 366 (두정동, 한성3차필하우스아파트)",서북구
한성필하우스1차아파트(관리동 1층),"충청남도 천안시 서북구 두정동 1000 한성필하우스1차아파트 충청남도 천안시 서북구 부성6길 11 (두정동, 한성필하우스1차아파트)",서북구
한화꿈에그린스마일시티(정문경비실),"충청남도 천안시 서북구 차암동 448 한화꿈에그린스마일시티 충청남도 천안시 서북구 3공단6로 33  (차암동, 한화꿈에그린스마일시티)",서북구
한화꿈에그린스마일시티(관리사무소),"충청남도 천안시 서북구 차암동 448 한화꿈에그린스마일시티 충청남도 천안시 서북구 3공단6로 33  (차암동, 한화꿈에그린스마일시티)",서북구
해누리선경아파트(관리동1층복도),충청남도 천안시 서북구 쌍용동  1363-1 선경해누리아파트 충청남도 천안시 서북구 충무로 158-10,서북구
현대아이파크홈타운1단지(관리동 2층 관리사무소 내),"충청남도 천안시 서북구 쌍용동 2045 현대아이파크 충청남도 천안시 서북구 충무로 124-24 (쌍용동, 현대아이파크)",서북구
효성해링턴플레이스스마일시티아파트(정문경비실),충청남도 천안시 서북구 차암동  550 효성해링턴플레이스 스마일시티 충청남도 천안시 서북구 3공단6로 123,서북구
효성해링턴플레이스스마일시티아파트(헬스장내부),"충청남도 천안시 서북구 차암동 550 효성해링턴플레이스 스마일시티 충청남도 천안시 서북구 3공단6로 123 (차암동, 효성해링턴플레이스 스마일시티)",서북구
효성해링턴플레이스스마일시티아파트(관리사무소앞),"충청남도 천안시 서북구 차암동 550 효성해링턴플레이스 스마일시티 충청남도 천안시 서북구 3공단6로 123 (차암동, 효성해링턴플레이스 스마일시티)",서북구
효성해링턴플레이스스마일시티아파트(후문경비실입구),충청남도 천안시 서북구 3공단6로 123 충청남도 천안시 서북구 3공단6로 123,서북구
힐스테이트두정역아파트(정문경비실),"충청남도 천안시 서북구 두정동 2082 힐스테이트 두정역 충청남도 천안시 서북구 북일로 50 (두정동, 힐스테이트 두정역)",서북구
힐스테이트두정역아파트(커뮤니티 지하2층 복도),"충청남도 천안시 서북구 두정동 2082 힐스테이트 두정역 충청남도 천안시 서북구 북일로 50 (두정동, 힐스테이트 두정역)",서북구
대우그린아파트(대우그린아파트 노인정앞),충청남도 천안시 서북구 두정동 1617 충청남도 천안시 서북구 봉정로 386 (두정동),서북구
에드워드코리아(2층 사무실),"충청남도 천안시 서북구 차암동 428 에드워드코리아 충청남도 천안시 서북구 3공단6로 80, 에드워드코리아 (차암동)",서북구
에드워드코리아(1층 가공부),"충청남도 천안시 서북구 차암동 428 에드워드코리아 충청남도 천안시 서북구 3공단6로 80, 에드워드코리아 (차암동)",서북구
에드워드코리아(1층 양호실),"충청남도 천안시 서북구 차암동 428 에드워드코리아 충청남도 천안시 서북구 3공단6로 80, 에드워드코리아 (차암동)",서북구
에드워드코리아(1층 생산부),"충청남도 천안시 서북구 차암동 428 에드워드코리아 충청남도 천안시 서북구 3공단6로 80, 에드워드코리아 (차암동)",서북구
극동늘푸른아파트(정문중앙초소),"충청남도 천안시 서북구 두정동 526-2 극동늘푸른아파트 충청남도 천안시 서북구 늘푸른6길 42 (두정동, 극동늘푸른아파트)",서북구
천안시서북구보건소(보건소 1층 민원실 내),"충청남도 천안시 서북구 불당동 234-1 천안시청 충청남도 천안시 서북구 번영로 156, 천안시청 (불당동)",서북구
주공6단지2차(관리동 1층),충청남도 천안시 서북구 쌍용대로 289-25 충청남도 천안시 서북구 쌍용대로 289-25,서북구
주공6단지2차(관리동 입구),충청남도 천안시 서북구 쌍용대로 289-25 충청남도 천안시 서북구 쌍용대로 289-25,서북구
천안개방교도소(보안청사 접견실 앞),충청남도 천안시 서북구 신당동 112 충청남도 천안시 서북구 신당새터1길 1 (신당동),서북구
삼성디스플레이(주)(A1 B1F A반입구),"충청남도 천안시 서북구 성성동 510 삼성전자(주)천안캠퍼스 충청남도 천안시 서북구 번영로 465, 삼성전자(주)천안캠퍼스 (성성동)",서북구
삼성디스플레이(주)(A1 B1F B반 입구),"충청남도 천안시 서북구 성성동 510 삼성전자(주)천안캠퍼스 충청남도 천안시 서북구 번영로 465, 삼성전자(주)천안캠퍼스 (성성동)",서북구
천안시서북구보건소(구급차),"충청남도 천안시 서북구 불당동 234-1 천안시청 충청남도 천안시 서북구 번영로 156, 천안시청 (불당동)",서북구
천안시서북구보건소(보건소 1층),"충청남도 천안시 서북구 불당동 234-1 천안시청 충청남도 천안시 서북구 번영로 156, 천안시청 (불당동)",서북구
천안레이크타운2차푸르지오(레이크타운2차푸르지오관리사무소),"충청남도 천안시 서북구 성성동 697 천안레이크타운2차 푸르지오 충청남도 천안시 서북구 성성9로 14  (성성동, 천안레이크타운2차 푸르지오)",서북구
천안레이크타운2차푸르지오(213동 3-4라인 지하주차장 1층),"충청남도 천안시 서북구 성성9로 14  (성성동, 천안레이크타운2차 푸르지오) 충청남도 천안시 서북구 성성9로 14  (성성동, 천안레이크타운2차 푸르지오)",서북구
두정역효성해링턴플레이스아파트(커뮤니티센터 입구 로비),"충청남도 천안시 서북구 두정동 63-6 두정역 효성해링턴 플레이스 충청남도 천안시 서북구 봉정로 324 (두정동, 두정역 효성해링턴 플레이스)",서북구
시티프라디움3차(정문 1 초소옆),"충청남도 천안시 서북구 불당동 1280 천안불당 시티프라디움 3차 충청남도 천안시 서북구 공원로 176, 천안불당 시티프라디움 3차 (불당동)",서북구
시티프라디움3차(스포츠센터 수영장),"충청남도 천안시 서북구 불당동 1280 천안불당 시티프라디움 3차 충청남도 천안시 서북구 공원로 176, 천안불당 시티프라디움 3차 (불당동)",서북구
시티프라디움3차(스포츠센터 입구),"충청남도 천안시 서북구 불당동 1280 천안불당 시티프라디움 3차 충청남도 천안시 서북구 공원로 176, 천안불당 시티프라디움 3차 (불당동)",서북구
시티프라디움3차(관리사무실앞),"충청남도 천안시 서북구 불당동 1280 천안불당 시티프라디움 3차 충청남도 천안시 서북구 공원로 176, 천안불당 시티프라디움 3차 (불당동)",서북구
천안레이크타운2차푸르지오(212동 1-2라인 지하주차장 1층),"충청남도 천안시 서북구 성성동 697 천안레이크타운2차 푸르지오 충청남도 천안시 서북구 성성9로 14 (성성동, 천안레이크타운2차 푸르지오)",서북구
천안레이크타운2차푸르지오(211동 1-2라인 지하주차장 1층),"충청남도 천안시 서북구 성성동 697 천안레이크타운2차 푸르지오 충청남도 천안시 서북구 성성9로 14 (성성동, 천안레이크타운2차 푸르지오)",서북구
천안레이크타운2차푸르지오(210동 1-2라인 지하주차장1층),"충청남도 천안시 서북구 성성동 697 천안레이크타운2차 푸르지오 충청남도 천안시 서북구 성성9로 14 (성성동, 천안레이크타운2차 푸르지오)",서북구
천안레이크타운2차푸르지오(209동 3-4라인 지하주차장1층),"충청남도 천안시 서북구 성성동 697 천안레이크타운2차 푸르지오 충청남도 천안시 서북구 성성9로 14 (성성동, 천안레이크타운2차 푸르지오)",서북구
천안레이크타운2차푸르지오(208동 3-4라인 지하주차장1층),"충청남도 천안시 서북구 성성동 697 천안레이크타운2차 푸르지오 충청남도 천안시 서북구 성성9로 14 (성성동, 천안레이크타운2차 푸르지오)",서북구
천안레이크타운2차푸르지오(207동 1-2라인 지하주차장1층),"충청남도 천안시 서북구 성성동 697 천안레이크타운2차 푸르지오 충청남도 천안시 서북구 성성9로 14 (성성동, 천안레이크타운2차 푸르지오)",서북구
천안레이크타운2차푸르지오(206동 지하주차장 1층(장애인주차구역)),"충청남도 천안시 서북구 성성동 697 천안레이크타운2차 푸르지오 충청남도 천안시 서북구 성성9로 14 (성성동, 천안레이크타운2차 푸르지오)",서북구
천안레이크타운2차푸르지오(205동 지하주차장 1층(81기둥)),"충청남도 천안시 서북구 성성동 697 천안레이크타운2차 푸르지오 충청남도 천안시 서북구 성성9로 14 (성성동, 천안레이크타운2차 푸르지오)",서북구
천안레이크타운2차푸르지오(204동 지하주차장 1층(62기둥옆)),"충청남도 천안시 서북구 성성동 697 천안레이크타운2차 푸르지오 충청남도 천안시 서북구 성성9로 14 (성성동, 천안레이크타운2차 푸르지오)",서북구
천안레이크타운2차푸르지오(203동 지하주차장 1층(27기둥옆)),"충청남도 천안시 서북구 성성동 697 천안레이크타운2차 푸르지오 충청남도 천안시 서북구 성성9로 14 (성성동, 천안레이크타운2차 푸르지오)",서북구
천안레이크타운2차푸르지오(202동 지하주차장1층(12기둥)),"충청남도 천안시 서북구 성성동 697 천안레이크타운2차 푸르지오 충청남도 천안시 서북구 성성9로 14 (성성동, 천안레이크타운2차 푸르지오)",서북구
천안레이크타운2차푸르지오(201동 지하주차장1층(장애인주차구역)),"충청남도 천안시 서북구 성성동 697 천안레이크타운2차 푸르지오 충청남도 천안시 서북구 성성9로 14 (성성동, 천안레이크타운2차 푸르지오)",서북구
천안레이크타운푸르지오(유즈센터 생활지원센터),충청남도 천안시 서북구 성성동  696 천안레이크타운푸르지오 충청남도 천안시 서북구 성성6로 111,서북구
한국마사회천안지점(3층 사무실 앞),"충청남도 천안시 서북구 두정동 1394번지 희망빌딩 충청남도 천안시 서북구 성정두정로 62, 희망빌딩 (두정동)",서북구
