facility_name,시도,sgg,emd,road,jibun,addr_used,lat,lon
(주)다원앨엔씨(사무실),,,,"충청남도 천안시 동남구 양지2길 32, 201호 (봉명동)",충청남도 천안시 동남구 봉명동 110-97,"충청남도 천안시 동남구 양지2길 32, 201호 (봉명동)",36.8099372899311,127.135903683216
(주)마니커천안공장(2공장가공사무실),,,,"충청남도 천안시 동남구 동면 화복로 551, (주)마니커 천안지점",충청남도 천안시 동남구 동면 화덕리 319-6 (주)마니커 천안지점,"충청남도 천안시 동남구 동면 화복로 551, (주)마니커 천안지점",36.7653244653759,127.40740589703
(주)마니커천안공장(1공장 날인실),,,,"충청남도 천안시 동남구 동면 화복로 551, (주)마니커 천안지점",충청남도 천안시 동남구 동면 화덕리 319-6 (주)마니커 천안지점,"충청남도 천안시 동남구 동면 화복로 551, (주)마니커 천안지점",36.7653244653759,127.40740589703
(주)마니커천안공장(보건관리실),,,,"충청남도 천안시 동남구 동면 화복로 551, (주)마니커 천안지점",충청남도 천안시 동남구 동면 화덕리 319-6 (주)마니커 천안지점,"충청남도 천안시 동남구 동면 화복로 551, (주)마니커 천안지점",36.7653244653759,127.40740589703
(주)아라리오(시외버스터미널대합실 매표소앞),,,,충청남도 천안시 동남구 만남로 40 (신부동),충청남도 천안시 동남구 신부동 462번지 1호,충청남도 천안시 동남구 만남로 40 (신부동),36.8186146341145,127.156623610052
(주)아라리오(B관 4층 CGV 로비 앞),,,,"충청남도 천안시 동남구 만남로 43, 신세계백화점천안아산점천안종합버스터미널 (신부동)",충청남도 천안시 동남구 신부동 354-1 신세계백화점천안아산점천안종합버스터미널,"충청남도 천안시 동남구 만남로 43, 신세계백화점천안아산점천안종합버스터미널 (신부동)",36.8193302097389,127.15784651678
(주)엔켐천안공장(사무동 1층 복도),,,,충청남도 천안시 동남구 풍세면 풍세산단5로 17,충청남도 천안시 동남구 풍세면 용정리 984,충청남도 천안시 동남구 풍세면 풍세산단5로 17,36.7329404630542,127.102147266848
(주)한솔제지(희원 사무실),,,,충청남도 천안시 동남구 광덕면 세종로 4186,충청남도 천안시 동남구 광덕면 행정리 40-1,충청남도 천안시 동남구 광덕면 세종로 4186,36.6894587845394,127.160296501106
(주)한솔제지(초지 시험실),,,,충청남도 천안시 동남구 광덕면 세종로 4186,충청남도 천안시 동남구 광덕면 행정리 40-1,충청남도 천안시 동남구 광덕면 세종로 4186,36.6894587845394,127.160296501106
(주)한솔제지(정문 보안실),,,,충청남도 천안시 동남구 광덕면 세종로 4186,충청남도 천안시 동남구 광덕면 행정리 40-1,충청남도 천안시 동남구 광덕면 세종로 4186,36.6894587845394,127.160296501106
(주)한솔제지(가공CP룸),,,,충청남도 천안시 동남구 광덕면 세종로 4186,충청남도 천안시 동남구 광덕면 행정리 40-1,충청남도 천안시 동남구 광덕면 세종로 4186,36.6894587845394,127.160296501106
(주)한솔제지(사무동 2층),,,,충청남도 천안시 동남구 광덕면 세종로 4186,충청남도 천안시 동남구 광덕면 행정리 40-1,충청남도 천안시 동남구 광덕면 세종로 4186,36.6894587845394,127.160296501106
(주)한솔제지(보일러실1층),,,,충청남도 천안시 동남구 광덕면 세종로 4186,충청남도 천안시 동남구 광덕면 행정리 40-1,충청남도 천안시 동남구 광덕면 세종로 4186,36.6894587845394,127.160296501106
(주)한솔제지(배차 대기실),,,,충청남도 천안시 동남구 광덕면 세종로 4186,충청남도 천안시 동남구 광덕면 행정리 40-1,충청남도 천안시 동남구 광덕면 세종로 4186,36.6894587845394,127.160296501106
(주)한솔제지(생활관1층),,,,충청남도 천안시 동남구 광덕면 세종로 4186,충청남도 천안시 동남구 광덕면 행정리 40-1,충청남도 천안시 동남구 광덕면 세종로 4186,36.6894587845394,127.160296501106
(주)한솔제지(보전팀 사무실),,,,충청남도 천안시 동남구 광덕면 세종로 4186,충청남도 천안시 동남구 광덕면 행정리 40-1,충청남도 천안시 동남구 광덕면 세종로 4186,36.6894587845394,127.160296501106
광덕보건지소(1층),,,,"충청남도 천안시 동남구 광덕면 신흥리3길 33-1, 광덕면보건지소",충청남도 천안시 동남구 광덕면 신흥리 296-1 광덕면보건지소,"충청남도 천안시 동남구 광덕면 신흥리3길 33-1, 광덕면보건지소",36.6985398137197,127.111600862658
광덕보산원보건진료소(1층),,,,충청남도 천안시 동남구 광덕면 외보1길 17,충청남도 천안시 동남구 광덕면 보산원리 90-3,충청남도 천안시 동남구 광덕면 외보1길 17,36.6868379938909,127.085637892197
광덕행정보건진료소(1층),,,,충청남도 천안시 동남구 광덕면 차령고개로 1017,충청남도 천안시 동남구 광덕면 행정리 121,충청남도 천안시 동남구 광덕면 차령고개로 1017,36.6860588676976,127.15681335883
대림한내아파트(관리동 1층),,,,"충청남도 천안시 동남구 터미널9길 31 (신부동, 대림한내아파트)",충청남도 천안시 동남구 신부동 544 대림한내아파트,"충청남도 천안시 동남구 터미널9길 31 (신부동, 대림한내아파트)",36.8241650303101,127.156541664507
대전지방검찰청천안지청(청사 1층 로비),,,,"충청남도 천안시 동남구 청수14로 67, 대전지방검찰청 천안지청 (청당동)",충청남도 천안시 동남구 청당동 475 대전지방검찰청 천안지청,"충청남도 천안시 동남구 청수14로 67, 대전지방검찰청 천안지청 (청당동)",36.7850918670425,127.153004116091
동남구보건소(1층),,,,충청남도 천안시 동남구 버들로 34(문화동),충청남도 천안시 동남구 문화동 112-14,충청남도 천안시 동남구 버들로 34(문화동),36.8074366368997,127.15119213199
동남구보건소(3층 의약팀),,,,충청남도 천안시 동남구 버들로 34 (문화동),충청남도 천안시 동남구 문화동 112-14,충청남도 천안시 동남구 버들로 34 (문화동),36.8074366368997,127.15119213199
동남구보건소(의약팀),,,,충청남도 천안시 동남구 버들로 34 (문화동),충청남도 천안시 동남구 문화동 112-14,충청남도 천안시 동남구 버들로 34 (문화동),36.8074366368997,127.15119213199
동면보건지소(1층),,,,"충청남도 천안시 동남구 동면 동산1길 15-1, 동면보건지소",충청남도 천안시 동남구 동면 화계리 181-3 동면보건지소,"충청남도 천안시 동남구 동면 동산1길 15-1, 동면보건지소",36.7761115262153,127.344363714346
동면화덕보건진료소(진료소 1층),,,,충청남도 천안시 동남구 동면 화덕1길 33,충청남도 천안시 동남구 동면 화덕리 495-1,충청남도 천안시 동남구 동면 화덕1길 33,36.7609287090386,127.395832330833
두레현대1단지아파트(관리사무소),,,,충청남도 천안시 동남구 일봉로 34,충청남도 천안시 동남구 일봉로 34,충청남도 천안시 동남구 일봉로 34,36.7918921187346,127.131859870354
두레현대2단지아파트(관리사무소 내),,,,"충청남도 천안시 동남구 서부대로 252 (신방동, 신방동두레현대아파트2단지)",충청남도 천안시 동남구 신방동 897 신방동두레현대아파트2단지,"충청남도 천안시 동남구 서부대로 252 (신방동, 신방동두레현대아파트2단지)",36.7915156728683,127.130352628969
목천덕전보건진료소(1층),,,,"충청남도 천안시 동남구 목천읍 유왕골2길 10, 의무과목천덕전보건진료소",충청남도 천안시 동남구 목천읍 덕전리 231 의무과목천덕전보건진료소,"충청남도 천안시 동남구 목천읍 유왕골2길 10, 의무과목천덕전보건진료소",36.8183185302099,127.22420872119
목천동우1차아파트(1층 관리사무소 입구),,,,충청남도 천안시 동남구 목천읍 신계1길 41 (동우아파트),충청남도 천안시 동남구 목천읍 신계리 422 동우아파트 (동우아파트),충청남도 천안시 동남구 목천읍 신계1길 41 (동우아파트),36.7734278731802,127.193062950803
목천보건지소(1층),,,,"충청남도 천안시 동남구 목천읍 서리1길 41-9, 보건과목천보건지소",충청남도 천안시 동남구 목천읍 서리 95-2 보건과목천보건지소,"충청남도 천안시 동남구 목천읍 서리1길 41-9, 보건과목천보건지소",36.7853924239062,127.234799125263
목천부영1차아파트(2층 관리사무소),,,,충청남도 천안시 동남구 목천읍 삼성5길 42 (부영아파트),충청남도 천안시 동남구 목천읍 삼성리 9-12 부영아파트,충청남도 천안시 동남구 목천읍 삼성5길 42 (부영아파트),36.7590267773911,127.177249499795
목천신도브래뉴1차아파트(관리사무실),,,,충청남도 천안시 동남구 목천읍 신계5길 47 (신도브래뉴1차아파트),충청남도 천안시 동남구 목천읍 신계리 103-4 신도브래뉴1차아파트 (신도브래뉴1차아파트),충청남도 천안시 동남구 목천읍 신계5길 47 (신도브래뉴1차아파트),36.7727338061452,127.215985500004
목천신도브래뉴1차아파트(경비실),,,,충청남도 천안시 동남구 목천읍 신계5길 47 (신도브래뉴1차아파트),충청남도 천안시 동남구 목천읍 신계리 103-4 신도브래뉴1차아파트 (신도브래뉴1차아파트),충청남도 천안시 동남구 목천읍 신계5길 47 (신도브래뉴1차아파트),36.7727338061452,127.215985500004
백석대학교(진리관 1F 에스원 상황실),,,,"충청남도 천안시 동남구 백석대학로 1, 백석대학교,백석문화대학교 (안서동)","충청남도 천안시 동남구 안서동 393 백석대학교,백석문화대학교","충청남도 천안시 동남구 백석대학로 1, 백석대학교,백석문화대학교 (안서동)",36.8388372068096,127.182520646399
백석대학교(체육관4F 주 체육관실 입구),,,,"충청남도 천안시 동남구 백석대학로 1, 백석대학교,백석문화대학교 (안서동)","충청남도 천안시 동남구 안서동 393 백석대학교,백석문화대학교","충청남도 천안시 동남구 백석대학로 1, 백석대학교,백석문화대학교 (안서동)",36.8388372068096,127.182520646399
백석대학교(백석생활관 2F 로비),,,,"충청남도 천안시 동남구 백석대학로 1, 백석대학교,백석문화대학교 (안서동)","충청남도 천안시 동남구 안서동 393 백석대학교,백석문화대학교","충청남도 천안시 동남구 백석대학로 1, 백석대학교,백석문화대학교 (안서동)",36.8388372068096,127.182520646399
백석대학교(백석홀 소강당 2F 로비),,,,"충청남도 천안시 동남구 백석대학로 1, 백석대학교,백석문화대학교 (안서동)","충청남도 천안시 동남구 안서동 393 백석대학교,백석문화대학교","충청남도 천안시 동남구 백석대학로 1, 백석대학교,백석문화대학교 (안서동)",36.8388372068096,127.182520646399
"백석대학교(백석홀 1F, 대강당 로비)",,,,"충청남도 천안시 동남구 백석대학로 1, 백석대학교,백석문화대학교 (안서동)","충청남도 천안시 동남구 안서동 393 백석대학교,백석문화대학교","충청남도 천안시 동남구 백석대학로 1, 백석대학교,백석문화대학교 (안서동)",36.8388372068096,127.182520646399
백석대학교(기독교학부실습관 1층 사무실 옆),,,,"충청남도 천안시 동남구 백석대학로 1, 백석대학교,백석문화대학교 (안서동)","충청남도 천안시 동남구 안서동 393 백석대학교,백석문화대학교","충청남도 천안시 동남구 백석대학로 1, 백석대학교,백석문화대학교 (안서동)",36.8388372068096,127.182520646399
백석대학교(지혜관 1층 로비),,,,"충청남도 천안시 동남구 백석대학로 1, 백석대학교,백석문화대학교 (안서동)","충청남도 천안시 동남구 안서동 393 백석대학교,백석문화대학교","충청남도 천안시 동남구 백석대학로 1, 백석대학교,백석문화대학교 (안서동)",36.8388372068096,127.182520646399
백석대학교(조형관 지하1층),,,,"충청남도 천안시 동남구 백석대학로 1, 백석대학교,백석문화대학교 (안서동)","충청남도 천안시 동남구 안서동 393 백석대학교,백석문화대학교","충청남도 천안시 동남구 백석대학로 1, 백석대학교,백석문화대학교 (안서동)",36.8388372068096,127.182520646399
백석대학교(본부동 1층),,,,"충청남도 천안시 동남구 백석대학로 1, 백석대학교,백석문화대학교 (안서동)","충청남도 천안시 동남구 안서동 393 백석대학교,백석문화대학교","충청남도 천안시 동남구 백석대학로 1, 백석대학교,백석문화대학교 (안서동)",36.8388372068096,127.182520646399
백석대학교(본부동 5층),,,,"충청남도 천안시 동남구 백석대학로 1, 백석대학교,백석문화대학교 (안서동)","충청남도 천안시 동남구 안서동 393 백석대학교,백석문화대학교","충청남도 천안시 동남구 백석대학로 1, 백석대학교,백석문화대학교 (안서동)",36.8388372068096,127.182520646399
백석대학교(조형관 8층),,,,"충청남도 천안시 동남구 백석대학로 1, 백석대학교,백석문화대학교 (안서동)","충청남도 천안시 동남구 안서동 393 백석대학교,백석문화대학교","충청남도 천안시 동남구 백석대학로 1, 백석대학교,백석문화대학교 (안서동)",36.8388372068096,127.182520646399
백석대학교(학생복지관 1층 로비),,,,"충청남도 천안시 동남구 백석대학로 1, 백석대학교,백석문화대학교 (안서동)","충청남도 천안시 동남구 안서동 393 백석대학교,백석문화대학교","충청남도 천안시 동남구 백석대학로 1, 백석대학교,백석문화대학교 (안서동)",36.8388372068096,127.182520646399
백석대학교(목양관 1층 로비),,,,"충청남도 천안시 동남구 백석대학로 1, 백석대학교,백석문화대학교 (안서동)","충청남도 천안시 동남구 안서동 393 백석대학교,백석문화대학교","충청남도 천안시 동남구 백석대학로 1, 백석대학교,백석문화대학교 (안서동)",36.8388372068096,127.182520646399
백석대학교(조형관 영상동 6F 복도),,,,"충청남도 천안시 동남구 백석대학로 1, 백석대학교,백석문화대학교 (안서동)","충청남도 천안시 동남구 안서동 393 백석대학교,백석문화대학교","충청남도 천안시 동남구 백석대학로 1, 백석대학교,백석문화대학교 (안서동)",36.8388372068096,127.182520646399
병천매성보건진료소(1층),,,,"충청남도 천안시 동남구 병천면 봉항로 586, 의무과병천매성보건지료소",충청남도 천안시 동남구 병천면 매성리 278-3 의무과병천매성보건지료소,"충청남도 천안시 동남구 병천면 봉항로 586, 의무과병천매성보건지료소",36.8111274504965,127.318330705038
병천보건지소(1층),,,,"충청남도 천안시 동남구 병천면 병천2로 57-1, 보건과병천보건지소",충청남도 천안시 동남구 병천면 병천리 360-1 보건과병천보건지소,"충청남도 천안시 동남구 병천면 병천2로 57-1, 보건과병천보건지소",36.767192908073,127.30258350089
봉명역(역 맞이방),,,,"충청남도 천안시 동남구 차돌로 51, 봉명역 (봉명동)",충청남도 천안시 동남구 봉명동 20-2 봉명역,"충청남도 천안시 동남구 차돌로 51, 봉명역 (봉명동)",36.8012573235829,127.135835679685
봉서산아이파크아파트(관리사무소입구),,,,"충청남도 천안시 동남구 봉명4길 29 (봉명동, 봉서산아이파크)",충청남도 천안시 동남구 봉명동 513번지 봉서산아이파크,"충청남도 천안시 동남구 봉명4길 29 (봉명동, 봉서산아이파크)",36.8065883437785,127.137443877493
봉서산아이파크아파트(휘트니스센터 내부),,,,"충청남도 천안시 동남구 봉명4길 29 (봉명동, 봉서산아이파크)",충청남도 천안시 동남구 봉명동 513 봉서산아이파크,"충청남도 천안시 동남구 봉명4길 29 (봉명동, 봉서산아이파크)",36.8065883437785,127.137443877493
북면보건지소(1층),,,,"충청남도 천안시 동남구 북면 위례성로 724, 북면사무소",충청남도 천안시 동남구 북면 오곡리 399-1 북면사무소,"충청남도 천안시 동남구 북면 위례성로 724, 북면사무소",36.8274727633268,127.273243519109
북면위례보건진료소(1층),,,,충청남도 천안시 동남구 북면 대평1길 108,충청남도 천안시 동남구 북면 대평리 496-7,충청남도 천안시 동남구 북면 대평1길 108,36.8680384693573,127.281486442891
산운마을5단지아파트(508동 입구),,,,충청남도 천안시 동남구 청수8로 71,충청남도 천안시 동남구 청수8로 71,충청남도 천안시 동남구 청수8로 71,36.78860135808,127.158161356723
산운마을5단지아파트(1층 관리사무소 앞 복도),,,,충청남도 천안시 동남구 청수8로 71,충청남도 천안시 동남구 청수8로 71,충청남도 천안시 동남구 청수8로 71,36.78860135808,127.158161356723
삼룡호반써밋포레센트(헬스장 앞),,,,"충청남도 천안시 동남구 충절로 369 (삼룡동, 호반써밋 포레센트)",충청남도 천안시 동남구 삼룡동 218-33 호반써밋 포레센트,"충청남도 천안시 동남구 충절로 369 (삼룡동, 호반써밋 포레센트)",36.7873291109051,127.16664975645
새론오토모티브(주)(휴게실),,,,"충청남도 천안시 동남구 병천면 가전5길 133, 새론오토모티브(주)",충청남도 천안시 동남구 병천면 가전리 306-1 새론오토모티브(주),"충청남도 천안시 동남구 병천면 가전5길 133, 새론오토모티브(주)",36.7672735834568,127.27832196479
성남보건지소(1층),,,,"충청남도 천안시 동남구 성남면 신사대화로 141, 성남보건진료소",충청남도 천안시 동남구 성남면 신사리 313-2 성남보건진료소,"충청남도 천안시 동남구 성남면 신사대화로 141, 성남보건진료소",36.742769020965,127.235974103122
성남봉양보건진료소(1층),,,,충청남도 천안시 동남구 성남면 봉양5길 25,충청남도 천안시 동남구 성남면 봉양리 318-8,충청남도 천안시 동남구 성남면 봉양5길 25,36.7176882389809,127.252599423542
성남화성보건진료소(진료소 1층),,,,"충청남도 천안시 동남구 성남면 화성3길 21-9, 의무과성남화성진료소",충청남도 천안시 동남구 성남면 화성리 200-14 의무과성남화성진료소,"충청남도 천안시 동남구 성남면 화성3길 21-9, 의무과성남화성진료소",36.7523678932305,127.260848474602
성지새말1단지아파트(정문 경비실),,,,"충청남도 천안시 동남구 일봉로 17 (신방동, 성지새말아파트)",충청남도 천안시 동남구 신방동 873 성지새말아파트,"충청남도 천안시 동남구 일봉로 17 (신방동, 성지새말아파트)",36.7944645446972,127.130536223059
성지새말2차아파트(후문 경비실),,,,"충청남도 천안시 동남구 일봉로 20(신방동, 성지새말아파트)",충청남도 천안시 동남구 신방동 874 성지새말아파트,"충청남도 천안시 동남구 일봉로 20(신방동, 성지새말아파트)",36.7919010832235,127.131005019428
세온의료재단 브라운요양병원(병원 내),,,,충청남도 천안시 동남구 목천읍 충절로 794,충청남도 천안시 동남구 목천읍 신계리 394번지 3호,충청남도 천안시 동남구 목천읍 충절로 794,36.7682685080538,127.199953483319
수신발산보건진료소(1층),,,,"충청남도 천안시 동남구 수신면 발산1길 132, 발산보건진료소",충청남도 천안시 동남구 수신면 발산리 203-1 발산보건진료소,"충청남도 천안시 동남구 수신면 발산1길 132, 발산보건진료소",36.7199723521732,127.287011565002
수신보건지소(1층),,,,"충청남도 천안시 동남구 수신면 수신로 436, 수신보건지소",충청남도 천안시 동남구 수신면 속창리 53-1 수신보건지소,"충청남도 천안시 동남구 수신면 수신로 436, 수신보건지소",36.7308086770845,127.281813480439
신방삼부르네상스아파트(관리사무소 앞),,,,"충청남도 천안시 동남구 풍세로 678-22 (신방동, 천안신방 삼부르네상스)",충청남도 천안시 동남구 신방동 2191 천안신방 삼부르네상스,"충청남도 천안시 동남구 풍세로 678-22 (신방동, 천안신방 삼부르네상스)",36.7699055420004,127.13625918938
신화인터텍(주)(사무동 2층),,,,"충청남도 천안시 동남구 병천면 매봉로 308, 신화인터텍",충청남도 천안시 동남구 병천면 송정리 298-1 신화인터텍,"충청남도 천안시 동남구 병천면 매봉로 308, 신화인터텍",36.739964248592,127.314740143358
신화인터텍(주)(생산동 2층),,,,"충청남도 천안시 동남구 병천면 매봉로 308, 신화인터텍",충청남도 천안시 동남구 병천면 송정리 298-1 신화인터텍,"충청남도 천안시 동남구 병천면 매봉로 308, 신화인터텍",36.739964248592,127.314740143358
신화인터텍(주)(사무동 3층),,,,"충청남도 천안시 동남구 병천면 매봉로 308, 신화인터텍",충청남도 천안시 동남구 병천면 송정리 298-1 신화인터텍,"충청남도 천안시 동남구 병천면 매봉로 308, 신화인터텍",36.739964248592,127.314740143358
안서e편한세상아파트(관리사무소 앞),,,,"충청남도 천안시 동남구 성불사길 41 (안서동, 대림e편한세상아파트)",충청남도 천안시 동남구 안서동 181 대림e편한세상아파트,"충청남도 천안시 동남구 성불사길 41 (안서동, 대림e편한세상아파트)",36.8301878802711,127.190260382378
에이에스이천안주식회사(EOL),,,,충청남도 천안시 동남구 목천읍 삼성4길 56,충청남도 천안시 동남구 목천읍 삼성리 181,충청남도 천안시 동남구 목천읍 삼성4길 56,36.7647590409518,127.172725211527
에이에스이천안주식회사(1층 Office 출입구),,,,충청남도 천안시 동남구 목천읍 삼성4길 56,충청남도 천안시 동남구 목천읍 삼성리 181,충청남도 천안시 동남구 목천읍 삼성4길 56,36.7647590409518,127.172725211527
엘에스일렉트릭(주)천안사업장(A동 1층),,,,충청남도 천안시 동남구 목천읍 삼성4길 56,충청남도 천안시 동남구 목천읍 삼성리 181,충청남도 천안시 동남구 목천읍 삼성4길 56,36.7647590409518,127.172725211527
엘에스일렉트릭(주)천안사업장(사무동 1층),,,,충청남도 천안시 동남구 목천읍 삼성4길 56,충청남도 천안시 동남구 목천읍 삼성리 181,충청남도 천안시 동남구 목천읍 삼성4길 56,36.7647590409518,127.172725211527
엘에스일렉트릭(주)천안사업장(A동 1층),,,,충청남도 천안시 동남구 목천읍 삼성4길 56,충청남도 천안시 동남구 목천읍 삼성리 181,충청남도 천안시 동남구 목천읍 삼성4길 56,36.7647590409518,127.172725211527
엘에스일렉트릭(주)천안사업장(건강관리실),,,,충청남도 천안시 동남구 목천읍 삼성4길 56,충청남도 천안시 동남구 목천읍 삼성리 181,충청남도 천안시 동남구 목천읍 삼성4길 56,36.7647590409518,127.172725211527
연합정밀(주)(신축동 3층),,,,"충청남도 천안시 동남구 목천읍 학수소사길 219-27, 연합정밀기술연구소",충청남도 천안시 동남구 목천읍 소사리 242-1 연합정밀기술연구소,"충청남도 천안시 동남구 목천읍 학수소사길 219-27, 연합정밀기술연구소",36.7476209707709,127.167856834398
연합정밀(주)(보안실),,,,"충청남도 천안시 동남구 목천읍 학수소사길 219-27, 연합정밀기술연구소",충청남도 천안시 동남구 목천읍 소사리 242-1 연합정밀기술연구소,"충청남도 천안시 동남구 목천읍 학수소사길 219-27, 연합정밀기술연구소",36.7476209707709,127.167856834398
연합정밀(주)(본관동 2층),,,,"충청남도 천안시 동남구 목천읍 학수소사길 219-27, 연합정밀기술연구소",충청남도 천안시 동남구 목천읍 소사리 242-1 연합정밀기술연구소,"충청남도 천안시 동남구 목천읍 학수소사길 219-27, 연합정밀기술연구소",36.7476209707709,127.167856834398
연합정밀(주)(신축동 1층),,,,"충청남도 천안시 동남구 목천읍 학수소사길 219-27, 연합정밀기술연구소",충청남도 천안시 동남구 목천읍 소사리 242-1 연합정밀기술연구소,"충청남도 천안시 동남구 목천읍 학수소사길 219-27, 연합정밀기술연구소",36.7476209707709,127.167856834398
연합정밀(주)(본관동 2층 휴게실 앞),,,,"충청남도 천안시 동남구 목천읍 학수소사길 219-27, 연합정밀기술연구소",충청남도 천안시 동남구 목천읍 소사리 242-1 연합정밀기술연구소,"충청남도 천안시 동남구 목천읍 학수소사길 219-27, 연합정밀기술연구소",36.7476209707709,127.167856834398
연합정밀(주)(연구동 3층),,,,"충청남도 천안시 동남구 목천읍 학수소사길 219-27, 연합정밀기술연구소",충청남도 천안시 동남구 목천읍 소사리 242-1 연합정밀기술연구소,"충청남도 천안시 동남구 목천읍 학수소사길 219-27, 연합정밀기술연구소",36.7476209707709,127.167856834398
용곡한라비발디APT(관리동 1층),,,,"충청남도 천안시 동남구 용곡2길 43-11 (용곡동, 용곡한라비발디아파트)",충청남도 천안시 동남구 용곡동 596 용곡한라비발디아파트,"충청남도 천안시 동남구 용곡2길 43-11 (용곡동, 용곡한라비발디아파트)",36.7874161905832,127.135553230895
우정인재개발원(본관 4층 엘리베이터 앞),,,,"충청남도 천안시 동남구 양지말1길 11-14, 우정인재개발원 (유량동)",충청남도 천안시 동남구 유량동 60-1 우정인재개발원,"충청남도 천안시 동남구 양지말1길 11-14, 우정인재개발원 (유량동)",36.8139652331737,127.18856256767
우정인재개발원(체육관 1층 출입문 옆),,,,"충청남도 천안시 동남구 양지말1길 11-14, 우정인재개발원 (유량동)",충청남도 천안시 동남구 유량동 60-1 우정인재개발원,"충청남도 천안시 동남구 양지말1길 11-14, 우정인재개발원 (유량동)",36.8139652331737,127.18856256767
우정인재개발원(본관 3층 생활관 안내데스크 안),,,,"충청남도 천안시 동남구 양지말1길 11-14, 우정인재개발원 (유량동)",충청남도 천안시 동남구 유량동 60-1 우정인재개발원,"충청남도 천안시 동남구 양지말1길 11-14, 우정인재개발원 (유량동)",36.8139652331737,127.18856256767
일봉산해피트리아파트(정문경비실),,,,"충청남도 천안시 동남구 다가말2길 70  (다가동, 일봉산 해피트리)",충청남도 천안시 동남구 다가동 578 일봉산 해피트리,"충청남도 천안시 동남구 다가말2길 70  (다가동, 일봉산 해피트리)",36.7974843361653,127.139213434999
천성중학교(중앙현관),,,,"충청남도 천안시 동남구 벌말1길 7, 천성중학교 (유량동)",충청남도 천안시 동남구 유량동 393-20 천성중학교,"충청남도 천안시 동남구 벌말1길 7, 천성중학교 (유량동)",36.8126868075793,127.174036347635
천안경남아너스빌APT(104동 3~4라인 통로),,,,"충청남도 천안시 동남구 충절로 42, 신부경남아너스빌아파트 (신부동)",충청남도 천안시 동남구 신부동 85 신부경남아너스빌아파트,"충청남도 천안시 동남구 충절로 42, 신부경남아너스빌아파트 (신부동)",36.8157062442316,127.158031059585
천안극동스타클래스더퍼스트(관리사무소 앞),,,,"충청남도 천안시 동남구 풍세로 933 (다가동, 천안극동스타클래스 더퍼스트)",충청남도 천안시 동남구 다가동 30 천안극동스타클래스 더퍼스트,"충청남도 천안시 동남구 풍세로 933 (다가동, 천안극동스타클래스 더퍼스트)",36.7911603654387,127.148349980604
천안삼거리서울휴게소(종합안내소 내),,,,"충청남도 천안시 동남구 쉼1길 42, 천안삼거리휴게소 (삼룡동)",충청남도 천안시 동남구 삼룡동 173번지 1호 천안삼거리휴게소,"충청남도 천안시 동남구 쉼1길 42, 천안삼거리휴게소 (삼룡동)",36.7870721176242,127.173763074838
천안삼거리서울휴게소(별관 구두매장 우측),,,,"충청남도 천안시 동남구 쉼1길 42, 천안삼거리휴게소 (삼룡동)",충청남도 천안시 동남구 삼룡동 173번지 1호 천안삼거리휴게소,"충청남도 천안시 동남구 쉼1길 42, 천안삼거리휴게소 (삼룡동)",36.7870721176242,127.173763074838
천안시립노인전문병원(4층 5병동),,,,"충청남도 천안시 동남구 목천읍 삼방로 735, 천안시립노인전문병원",충청남도 천안시 동남구 목천읍 송전리 431 천안시립노인전문병원,"충청남도 천안시 동남구 목천읍 삼방로 735, 천안시립노인전문병원",36.825419550702,127.226194914722
천안신성미소지움APT(관리사무소),,,,"충청남도 천안시 동남구 천안대로 483-8(구성동, 신성미소지움아파트)",충청남도 천안시 동남구 구성동 259 신성미소지움아파트,"충청남도 천안시 동남구 천안대로 483-8(구성동, 신성미소지움아파트)",36.7936484940028,127.164211726479
천안실내배드민턴장(실내배드민턴장 코트),,,,충청남도 천안시 동남구 천안대로 357 (청당동),충청남도 천안시 동남구 청당동 976,충청남도 천안시 동남구 천안대로 357 (청당동),36.780085629725,127.163047884274
천안역필하우스에듀시티1단지(천안역필하우스에듀시티1단지 관리사무소),,,,충청남도 천안시 동남구 성황로 40(문화동),충청남도 천안시 동남구 문화동 1-4,충청남도 천안시 동남구 성황로 40(문화동),36.8120944375135,127.153473836838
천안용곡동일1차APT(상황실),,,,"충청남도 천안시 동남구 일봉로 71 (용곡동, 동일하이빌1단지아파트)",충청남도 천안시 동남구 용곡동 575 동일하이빌1단지아파트,"충청남도 천안시 동남구 일봉로 71 (용곡동, 동일하이빌1단지아파트)",36.7924630184567,127.13606104017
천안용곡세광2차APT(207동 지하1층 관리사무소),,,,"충청남도 천안시 동남구 풍세로 769-28 (용곡동, 용곡마을세광2차엔리치타워아파트)",충청남도 천안시 동남구 용곡동 583 용곡마을세광2차엔리치타워아파트,"충청남도 천안시 동남구 풍세로 769-28 (용곡동, 용곡마을세광2차엔리치타워아파트)",36.7797034124992,127.138721867446
천안중앙고등학교(3교무실 앞),,,,"충청남도 천안시 동남구 충절로 91, 천안중앙고등학교 (원성동)",충청남도 천안시 동남구 원성동 460-1 천안중앙고등학교,"충청남도 천안시 동남구 충절로 91, 천안중앙고등학교 (원성동)",36.8110620562411,127.159887446254
천안청수우미린아파트(정문 보안실 내부),,,,"충청남도 천안시 동남구 청수14로 16 (청당동, 버들마을우미린아파트)",충청남도 천안시 동남구 청당동 456 버들마을우미린아파트,"충청남도 천안시 동남구 청수14로 16 (청당동, 버들마을우미린아파트)",36.7836108027397,127.148735479827
천안청수행정타운금호어울림아파트(관리사무소),,,,"충청남도 천안시 동남구 수도산공원길 1 (청수동, 청수행정타운 금호어울림)",충청남도 천안시 동남구 청수동 435 청수행정타운 금호어울림,"충청남도 천안시 동남구 수도산공원길 1 (청수동, 청수행정타운 금호어울림)",36.7926181435213,127.151529270294
천안청수현대APT(관리사무소 입구),,,,"충청남도 천안시 동남구 풍세로 1010-31 (청수동, 청수현대아파트)",충청남도 천안시 동남구 청수동 219-4 청수현대아파트,"충청남도 천안시 동남구 풍세로 1010-31 (청수동, 청수현대아파트)",36.7977940545113,127.154463600038
천안추모공원관리사업소(천안추모공원 제2봉안시설),,,,"충청남도 천안시 동남구 광덕면 밤나무골길 38, 천안추모공원",충청남도 천안시 동남구 광덕면 원덕리 542 천안추모공원,"충청남도 천안시 동남구 광덕면 밤나무골길 38, 천안추모공원",36.6646919093801,127.117786690305
천안추모공원관리사업소(천안추모공원 제1봉안시설),,,,"충청남도 천안시 동남구 광덕면 밤나무골길 38, 천안추모공원",충청남도 천안시 동남구 광덕면 원덕리 542 천안추모공원,"충청남도 천안시 동남구 광덕면 밤나무골길 38, 천안추모공원",36.6646919093801,127.117786690305
천안추모공원관리사업소(천안추모공원 화장시설 1층),,,,"충청남도 천안시 동남구 광덕면 밤나무골길 38, 천안추모공원",충청남도 천안시 동남구 광덕면 원덕리 542 천안추모공원,"충청남도 천안시 동남구 광덕면 밤나무골길 38, 천안추모공원",36.6646919093801,127.117786690305
천안한라동백2차APT(관리사무소),,,,"충청남도 천안시 동남구 서부대로 226-12 (신방동, 한라동백2차아파트)",충청남도 천안시 동남구 신방동 909 한라동백2차아파트,"충청남도 천안시 동남구 서부대로 226-12 (신방동, 한라동백2차아파트)",36.7874627117889,127.130043272454
"천안한양수자인에코시티(103동-3,4,5라인 1층)",,,,충청남도 천안시 동남구 풍세면 풍세산단로 290 (천안 한양수자인 에코시티),충청남도 천안시 동남구 풍세면 보성리 772 천안 한양수자인 에코시티,충청남도 천안시 동남구 풍세면 풍세산단로 290 (천안 한양수자인 에코시티),36.7236798779189,127.103930311717
"천안한양수자인에코시티(203동-1,2라인 1층)",,,,충청남도 천안시 동남구 풍세면 풍세산단로 290 (천안 한양수자인 에코시티),충청남도 천안시 동남구 풍세면 보성리 772 천안 한양수자인 에코시티,충청남도 천안시 동남구 풍세면 풍세산단로 290 (천안 한양수자인 에코시티),36.7236798779189,127.103930311717
"천안한양수자인에코시티(114동3,4라인 1층)",,,,충청남도 천안시 동남구 풍세면 풍세산단로 290 (천안 한양수자인 에코시티),충청남도 천안시 동남구 풍세면 보성리 772 천안 한양수자인 에코시티,충청남도 천안시 동남구 풍세면 풍세산단로 290 (천안 한양수자인 에코시티),36.7236798779189,127.103930311717
"천안한양수자인에코시티(208동-1,2라인 1층)",,,,충청남도 천안시 동남구 풍세면 풍세산단로 290 (천안 한양수자인 에코시티),충청남도 천안시 동남구 풍세면 보성리 772 천안 한양수자인 에코시티,충청남도 천안시 동남구 풍세면 풍세산단로 290 (천안 한양수자인 에코시티),36.7236798779189,127.103930311717
"천안한양수자인에코시티(204동-1,2라인 1층)",,,,충청남도 천안시 동남구 풍세면 풍세산단로 290 (천안 한양수자인 에코시티),충청남도 천안시 동남구 풍세면 보성리 772 천안 한양수자인 에코시티,충청남도 천안시 동남구 풍세면 풍세산단로 290 (천안 한양수자인 에코시티),36.7236798779189,127.103930311717
"천안한양수자인에코시티(214동1,2라인 1층)",,,,충청남도 천안시 동남구 풍세면 풍세산단로 290 (천안 한양수자인 에코시티),충청남도 천안시 동남구 풍세면 보성리 772 천안 한양수자인 에코시티,충청남도 천안시 동남구 풍세면 풍세산단로 290 (천안 한양수자인 에코시티),36.7236798779189,127.103930311717
"천안한양수자인에코시티(210동-1,2라인 1층)",,,,충청남도 천안시 동남구 풍세면 풍세산단로 290 (천안 한양수자인 에코시티),충청남도 천안시 동남구 풍세면 보성리 772 천안 한양수자인 에코시티,충청남도 천안시 동남구 풍세면 풍세산단로 290 (천안 한양수자인 에코시티),36.7236798779189,127.103930311717
"천안한양수자인에코시티(209동-3,4,5라인 1층)",,,,충청남도 천안시 동남구 풍세면 풍세산단로 290 (천안 한양수자인 에코시티),충청남도 천안시 동남구 풍세면 보성리 772 천안 한양수자인 에코시티,충청남도 천안시 동남구 풍세면 풍세산단로 290 (천안 한양수자인 에코시티),36.7236798779189,127.103930311717
"천안한양수자인에코시티(105동-1,2,3라인 1층)",,,,충청남도 천안시 동남구 풍세면 풍세산단로 290 (천안 한양수자인 에코시티),충청남도 천안시 동남구 풍세면 보성리 772 천안 한양수자인 에코시티,충청남도 천안시 동남구 풍세면 풍세산단로 290 (천안 한양수자인 에코시티),36.7236798779189,127.103930311717
"천안한양수자인에코시티(213동-1,2,3라인 1층)",,,,충청남도 천안시 동남구 풍세면 풍세산단로 290 (천안 한양수자인 에코시티),충청남도 천안시 동남구 풍세면 보성리 772 천안 한양수자인 에코시티,충청남도 천안시 동남구 풍세면 풍세산단로 290 (천안 한양수자인 에코시티),36.7236798779189,127.103930311717
"천안한양수자인에코시티(202동-3,4라인 1층)",,,,충청남도 천안시 동남구 풍세면 풍세산단로 290 (천안 한양수자인 에코시티),충청남도 천안시 동남구 풍세면 보성리 772 천안 한양수자인 에코시티,충청남도 천안시 동남구 풍세면 풍세산단로 290 (천안 한양수자인 에코시티),36.7236798779189,127.103930311717
"천안한양수자인에코시티(206동-3,4,5라인 1층)",,,,충청남도 천안시 동남구 풍세면 풍세산단로 290 (천안 한양수자인 에코시티),충청남도 천안시 동남구 풍세면 보성리 772 천안 한양수자인 에코시티,충청남도 천안시 동남구 풍세면 풍세산단로 290 (천안 한양수자인 에코시티),36.7236798779189,127.103930311717
"천안한양수자인에코시티(111동-1,2라인 1층)",,,,충청남도 천안시 동남구 풍세면 풍세산단로 290 (천안 한양수자인 에코시티),충청남도 천안시 동남구 풍세면 보성리 772 천안 한양수자인 에코시티,충청남도 천안시 동남구 풍세면 풍세산단로 290 (천안 한양수자인 에코시티),36.7236798779189,127.103930311717
"천안한양수자인에코시티(206동-1,2라인 1층)",,,,충청남도 천안시 동남구 풍세면 풍세산단로 290 (천안 한양수자인 에코시티),충청남도 천안시 동남구 풍세면 보성리 772 천안 한양수자인 에코시티,충청남도 천안시 동남구 풍세면 풍세산단로 290 (천안 한양수자인 에코시티),36.7236798779189,127.103930311717
"천안한양수자인에코시티(202동-1,2라인 1층)",,,,충청남도 천안시 동남구 풍세면 풍세산단로 290 (천안 한양수자인 에코시티),충청남도 천안시 동남구 풍세면 보성리 772 천안 한양수자인 에코시티,충청남도 천안시 동남구 풍세면 풍세산단로 290 (천안 한양수자인 에코시티),36.7236798779189,127.103930311717
"천안한양수자인에코시티(110동3,4,5라인 1층)",,,,충청남도 천안시 동남구 풍세면 풍세산단로 290 (천안 한양수자인 에코시티),충청남도 천안시 동남구 풍세면 보성리 772 천안 한양수자인 에코시티,충청남도 천안시 동남구 풍세면 풍세산단로 290 (천안 한양수자인 에코시티),36.7236798779189,127.103930311717
"천안한양수자인에코시티(211동3,4,5라인 1층)",,,,충청남도 천안시 동남구 풍세면 풍세산단로 290 (천안 한양수자인 에코시티),충청남도 천안시 동남구 풍세면 보성리 772 천안 한양수자인 에코시티,충청남도 천안시 동남구 풍세면 풍세산단로 290 (천안 한양수자인 에코시티),36.7236798779189,127.103930311717
"천안한양수자인에코시티(203동-3,4,5라인 1층)",,,,충청남도 천안시 동남구 풍세면 풍세산단로 290 (천안 한양수자인 에코시티),충청남도 천안시 동남구 풍세면 보성리 772 천안 한양수자인 에코시티,충청남도 천안시 동남구 풍세면 풍세산단로 290 (천안 한양수자인 에코시티),36.7236798779189,127.103930311717
"천안한양수자인에코시티(107동-1,2라인 1층)",,,,충청남도 천안시 동남구 풍세면 풍세산단로 290 (천안 한양수자인 에코시티),충청남도 천안시 동남구 풍세면 보성리 772 천안 한양수자인 에코시티,충청남도 천안시 동남구 풍세면 풍세산단로 290 (천안 한양수자인 에코시티),36.7236798779189,127.103930311717
"천안한양수자인에코시티(205동-1,2라인 1층)",,,,충청남도 천안시 동남구 풍세면 풍세산단로 290 (천안 한양수자인 에코시티),충청남도 천안시 동남구 풍세면 보성리 772 천안 한양수자인 에코시티,충청남도 천안시 동남구 풍세면 풍세산단로 290 (천안 한양수자인 에코시티),36.7236798779189,127.103930311717
"천안한양수자인에코시티(109동-3,4라인 1층)",,,,충청남도 천안시 동남구 풍세면 풍세산단로 290 (천안 한양수자인 에코시티),충청남도 천안시 동남구 풍세면 보성리 772 천안 한양수자인 에코시티,충청남도 천안시 동남구 풍세면 풍세산단로 290 (천안 한양수자인 에코시티),36.7236798779189,127.103930311717
"천안한양수자인에코시티(215동-3,4라인 1층)",,,,충청남도 천안시 동남구 풍세면 풍세산단로 290 (천안 한양수자인 에코시티),충청남도 천안시 동남구 풍세면 보성리 772 천안 한양수자인 에코시티,충청남도 천안시 동남구 풍세면 풍세산단로 290 (천안 한양수자인 에코시티),36.7236798779189,127.103930311717
"천안한양수자인에코시티(103동-1,2라인 1층)",,,,충청남도 천안시 동남구 풍세면 풍세산단로 290 (천안 한양수자인 에코시티),충청남도 천안시 동남구 풍세면 보성리 772 천안 한양수자인 에코시티,충청남도 천안시 동남구 풍세면 풍세산단로 290 (천안 한양수자인 에코시티),36.7236798779189,127.103930311717
"천안한양수자인에코시티(113동-1,2라인 1층)",,,,충청남도 천안시 동남구 풍세면 풍세산단로 290 (천안 한양수자인 에코시티),충청남도 천안시 동남구 풍세면 보성리 772 천안 한양수자인 에코시티,충청남도 천안시 동남구 풍세면 풍세산단로 290 (천안 한양수자인 에코시티),36.7236798779189,127.103930311717
"천안한양수자인에코시티(104동-3,4,5라인 1층)",,,,충청남도 천안시 동남구 풍세면 풍세산단로 290 (천안 한양수자인 에코시티),충청남도 천안시 동남구 풍세면 보성리 772 천안 한양수자인 에코시티,충청남도 천안시 동남구 풍세면 풍세산단로 290 (천안 한양수자인 에코시티),36.7236798779189,127.103930311717
"천안한양수자인에코시티(104동-1,2라인 1층)",,,,충청남도 천안시 동남구 풍세면 풍세산단로 290 (천안 한양수자인 에코시티),충청남도 천안시 동남구 풍세면 보성리 772 천안 한양수자인 에코시티,충청남도 천안시 동남구 풍세면 풍세산단로 290 (천안 한양수자인 에코시티),36.7236798779189,127.103930311717
"천안한양수자인에코시티(207동-1,2라인 1층)",,,,충청남도 천안시 동남구 풍세면 풍세산단로 290 (천안 한양수자인 에코시티),충청남도 천안시 동남구 풍세면 보성리 772 천안 한양수자인 에코시티,충청남도 천안시 동남구 풍세면 풍세산단로 290 (천안 한양수자인 에코시티),36.7236798779189,127.103930311717
"천안한양수자인에코시티(107동-3,4,5라인 1층)",,,,충청남도 천안시 동남구 풍세면 풍세산단로 290 (천안 한양수자인 에코시티),충청남도 천안시 동남구 풍세면 보성리 772 천안 한양수자인 에코시티,충청남도 천안시 동남구 풍세면 풍세산단로 290 (천안 한양수자인 에코시티),36.7236798779189,127.103930311717
"천안한양수자인에코시티(208동-3,4,5라인 1층)",,,,충청남도 천안시 동남구 풍세면 풍세산단로 290 (천안 한양수자인 에코시티),충청남도 천안시 동남구 풍세면 보성리 772 천안 한양수자인 에코시티,충청남도 천안시 동남구 풍세면 풍세산단로 290 (천안 한양수자인 에코시티),36.7236798779189,127.103930311717
"천안한양수자인에코시티(114동-1,2라인 1층)",,,,충청남도 천안시 동남구 풍세면 풍세산단로 290 (천안 한양수자인 에코시티),충청남도 천안시 동남구 풍세면 보성리 772 천안 한양수자인 에코시티,충청남도 천안시 동남구 풍세면 풍세산단로 290 (천안 한양수자인 에코시티),36.7236798779189,127.103930311717
"천안한양수자인에코시티(109동-1,2라인 1층)",,,,충청남도 천안시 동남구 풍세면 풍세산단로 290 (천안 한양수자인 에코시티),충청남도 천안시 동남구 풍세면 보성리 772 천안 한양수자인 에코시티,충청남도 천안시 동남구 풍세면 풍세산단로 290 (천안 한양수자인 에코시티),36.7236798779189,127.103930311717
"천안한양수자인에코시티(101동-1,2라인 1층)",,,,충청남도 천안시 동남구 풍세면 풍세산단로 290 (천안 한양수자인 에코시티),충청남도 천안시 동남구 풍세면 보성리 772 천안 한양수자인 에코시티,충청남도 천안시 동남구 풍세면 풍세산단로 290 (천안 한양수자인 에코시티),36.7236798779189,127.103930311717
"천안한양수자인에코시티(112동-1,2라인 1층)",,,,충청남도 천안시 동남구 풍세면 풍세산단로 290 (천안 한양수자인 에코시티),충청남도 천안시 동남구 풍세면 보성리 772 천안 한양수자인 에코시티,충청남도 천안시 동남구 풍세면 풍세산단로 290 (천안 한양수자인 에코시티),36.7236798779189,127.103930311717
"천안한양수자인에코시티(102동-3,4,5라인 1층)",,,,충청남도 천안시 동남구 풍세면 풍세산단로 290 (천안 한양수자인 에코시티),충청남도 천안시 동남구 풍세면 보성리 772 천안 한양수자인 에코시티,충청남도 천안시 동남구 풍세면 풍세산단로 290 (천안 한양수자인 에코시티),36.7236798779189,127.103930311717
"천안한양수자인에코시티(115동-1,2라인 1층)",,,,충청남도 천안시 동남구 풍세면 풍세산단로 290 (천안 한양수자인 에코시티),충청남도 천안시 동남구 풍세면 보성리 772 천안 한양수자인 에코시티,충청남도 천안시 동남구 풍세면 풍세산단로 290 (천안 한양수자인 에코시티),36.7236798779189,127.103930311717
"천안한양수자인에코시티(102동-1,2라인 1층)",,,,충청남도 천안시 동남구 풍세면 풍세산단로 290 (천안 한양수자인 에코시티),충청남도 천안시 동남구 풍세면 보성리 772 천안 한양수자인 에코시티,충청남도 천안시 동남구 풍세면 풍세산단로 290 (천안 한양수자인 에코시티),36.7236798779189,127.103930311717
"천안한양수자인에코시티(212동-1,2라인 1층)",,,,충청남도 천안시 동남구 풍세면 풍세산단로 290 (천안 한양수자인 에코시티),충청남도 천안시 동남구 풍세면 보성리 772 천안 한양수자인 에코시티,충청남도 천안시 동남구 풍세면 풍세산단로 290 (천안 한양수자인 에코시티),36.7236798779189,127.103930311717
"천안한양수자인에코시티(112동3,4,5라인 1층)",,,,충청남도 천안시 동남구 풍세면 풍세산단로 290 (천안 한양수자인 에코시티),충청남도 천안시 동남구 풍세면 보성리 772 천안 한양수자인 에코시티,충청남도 천안시 동남구 풍세면 풍세산단로 290 (천안 한양수자인 에코시티),36.7236798779189,127.103930311717
"천안한양수자인에코시티(215동-1,2라인 1층)",,,,충청남도 천안시 동남구 풍세면 풍세산단로 290 (천안 한양수자인 에코시티),충청남도 천안시 동남구 풍세면 보성리 772 천안 한양수자인 에코시티,충청남도 천안시 동남구 풍세면 풍세산단로 290 (천안 한양수자인 에코시티),36.7236798779189,127.103930311717
"천안한양수자인에코시티(211동-1,2라인 1층)",,,,충청남도 천안시 동남구 풍세면 풍세산단로 290 (천안 한양수자인 에코시티),충청남도 천안시 동남구 풍세면 보성리 772 천안 한양수자인 에코시티,충청남도 천안시 동남구 풍세면 풍세산단로 290 (천안 한양수자인 에코시티),36.7236798779189,127.103930311717
"천안한양수자인에코시티(212동3,4라인 1층)",,,,충청남도 천안시 동남구 풍세면 풍세산단로 290 (천안 한양수자인 에코시티),충청남도 천안시 동남구 풍세면 보성리 772 천안 한양수자인 에코시티,충청남도 천안시 동남구 풍세면 풍세산단로 290 (천안 한양수자인 에코시티),36.7236798779189,127.103930311717
"천안한양수자인에코시티(113동3,4라인 1층)",,,,충청남도 천안시 동남구 풍세면 풍세산단로 290 (천안 한양수자인 에코시티),충청남도 천안시 동남구 풍세면 보성리 772 천안 한양수자인 에코시티,충청남도 천안시 동남구 풍세면 풍세산단로 290 (천안 한양수자인 에코시티),36.7236798779189,127.103930311717
"천안한양수자인에코시티(108동-3,4,5라인 1층)",,,,충청남도 천안시 동남구 풍세면 풍세산단로 290 (천안 한양수자인 에코시티),충청남도 천안시 동남구 풍세면 보성리 772 천안 한양수자인 에코시티,충청남도 천안시 동남구 풍세면 풍세산단로 290 (천안 한양수자인 에코시티),36.7236798779189,127.103930311717
"천안한양수자인에코시티(201동-1,2라인 1층)",,,,충청남도 천안시 동남구 풍세면 풍세산단로 290 (천안 한양수자인 에코시티),충청남도 천안시 동남구 풍세면 보성리 772 천안 한양수자인 에코시티,충청남도 천안시 동남구 풍세면 풍세산단로 290 (천안 한양수자인 에코시티),36.7236798779189,127.103930311717
"천안한양수자인에코시티(106동-1,2,3라인 1층)",,,,충청남도 천안시 동남구 풍세면 풍세산단로 290 (천안 한양수자인 에코시티),충청남도 천안시 동남구 풍세면 보성리 772 천안 한양수자인 에코시티,충청남도 천안시 동남구 풍세면 풍세산단로 290 (천안 한양수자인 에코시티),36.7236798779189,127.103930311717
"천안한양수자인에코시티(214동-3,4라인 1층)",,,,충청남도 천안시 동남구 풍세면 풍세산단로 290 (천안 한양수자인 에코시티),충청남도 천안시 동남구 풍세면 보성리 772 천안 한양수자인 에코시티,충청남도 천안시 동남구 풍세면 풍세산단로 290 (천안 한양수자인 에코시티),36.7236798779189,127.103930311717
"천안한양수자인에코시티(210동3,4라인 1층)",,,,충청남도 천안시 동남구 풍세면 풍세산단로 290 (천안 한양수자인 에코시티),충청남도 천안시 동남구 풍세면 보성리 772 천안 한양수자인 에코시티,충청남도 천안시 동남구 풍세면 풍세산단로 290 (천안 한양수자인 에코시티),36.7236798779189,127.103930311717
"천안한양수자인에코시티(204동-3,4,5라인 1층)",,,,충청남도 천안시 동남구 풍세면 풍세산단로 290 (천안 한양수자인 에코시티),충청남도 천안시 동남구 풍세면 보성리 772 천안 한양수자인 에코시티,충청남도 천안시 동남구 풍세면 풍세산단로 290 (천안 한양수자인 에코시티),36.7236798779189,127.103930311717
"천안한양수자인에코시티(111동3,4,5라인 1층)",,,,충청남도 천안시 동남구 풍세면 풍세산단로 290 (천안 한양수자인 에코시티),충청남도 천안시 동남구 풍세면 보성리 772 천안 한양수자인 에코시티,충청남도 천안시 동남구 풍세면 풍세산단로 290 (천안 한양수자인 에코시티),36.7236798779189,127.103930311717
"천안한양수자인에코시티(101동-3,4,5라인 1층)",,,,충청남도 천안시 동남구 풍세면 풍세산단로 290 (천안 한양수자인 에코시티),충청남도 천안시 동남구 풍세면 보성리 772 천안 한양수자인 에코시티,충청남도 천안시 동남구 풍세면 풍세산단로 290 (천안 한양수자인 에코시티),36.7236798779189,127.103930311717
"천안한양수자인에코시티(108동-1,2라인 1층)",,,,충청남도 천안시 동남구 풍세면 풍세산단로 290 (천안 한양수자인 에코시티),충청남도 천안시 동남구 풍세면 보성리 772 천안 한양수자인 에코시티,충청남도 천안시 동남구 풍세면 풍세산단로 290 (천안 한양수자인 에코시티),36.7236798779189,127.103930311717
"천안한양수자인에코시티(201동3,4,5라인 1층)",,,,충청남도 천안시 동남구 풍세면 풍세산단로 290 (천안 한양수자인 에코시티),충청남도 천안시 동남구 풍세면 보성리 772 천안 한양수자인 에코시티,충청남도 천안시 동남구 풍세면 풍세산단로 290 (천안 한양수자인 에코시티),36.7236798779189,127.103930311717
"천안한양수자인에코시티(115동3,4라인 1층)",,,,충청남도 천안시 동남구 풍세면 풍세산단로 290 (천안 한양수자인 에코시티),충청남도 천안시 동남구 풍세면 보성리 772 천안 한양수자인 에코시티,충청남도 천안시 동남구 풍세면 풍세산단로 290 (천안 한양수자인 에코시티),36.7236798779189,127.103930311717
"천안한양수자인에코시티(110동-1,2라인 1층)",,,,충청남도 천안시 동남구 풍세면 풍세산단로 290 (천안 한양수자인 에코시티),충청남도 천안시 동남구 풍세면 보성리 772 천안 한양수자인 에코시티,충청남도 천안시 동남구 풍세면 풍세산단로 290 (천안 한양수자인 에코시티),36.7236798779189,127.103930311717
"천안한양수자인에코시티(209동-1,2라인 1층)",,,,충청남도 천안시 동남구 풍세면 풍세산단로 290 (천안 한양수자인 에코시티),충청남도 천안시 동남구 풍세면 보성리 772 천안 한양수자인 에코시티,충청남도 천안시 동남구 풍세면 풍세산단로 290 (천안 한양수자인 에코시티),36.7236798779189,127.103930311717
천안호두휴게소(열린매장 중앙계산대 우측),,,,"충청남도 천안시 동남구 수신면 성남로 793-40, 천안호두휴게소",충청남도 천안시 동남구 수신면 신풍리 산 83번지 6호 천안호두휴게소,"충청남도 천안시 동남구 수신면 성남로 793-40, 천안호두휴게소",36.7300867434595,127.264559237174
천안호두휴게소(식당매장 탐앤탐스코너 옆),,,,"충청남도 천안시 동남구 수신면 성남로 793-40, 천안호두휴게소",충청남도 천안시 동남구 수신면 신풍리 산 83번지 6호 천안호두휴게소,"충청남도 천안시 동남구 수신면 성남로 793-40, 천안호두휴게소",36.7300867434595,127.264559237174
청당벽산블루밍아파트입주자대표회의(105동 7라인 필로티 관리사무소 앞),,,,"충청남도 천안시 동남구 청당2길 118 105동 7라인 관리사무소앞 (청당동, 청당벽산블루밍아파트)",충청남도 천안시 동남구 청당동 440 청당벽산블루밍아파트 105동 7라인 관리사무소앞,"충청남도 천안시 동남구 청당2길 118 105동 7라인 관리사무소앞 (청당동, 청당벽산블루밍아파트)",36.7797751268092,127.154247862962
청당서희스타힐스아파트(커뮤니센터 내),,,,충청남도 천안시 동남구 청당4로 45(청당동),충청남도 천안시 동남구 청당동 295-3,충청남도 천안시 동남구 청당4로 45(청당동),36.7795197216037,127.149828751838
청당신도브레뉴APT(관리사무소),,,,"충청남도 천안시 동남구 풍세로 770 (청당동, 청당마을신도브래뉴아파트)",충청남도 천안시 동남구 청당동 436 청당마을신도브래뉴아파트,"충청남도 천안시 동남구 풍세로 770 (청당동, 청당마을신도브래뉴아파트)",36.7775700708085,127.141435498573
청당코오롱하늘채아파트(관리사무소앞 커뮤니티센터 출입구),,,,"충청남도 천안시 동남구 광풍로 1800 (청당동, 청당 코오롱 하늘채)",충청남도 천안시 동남구 청당동 992번지 청당코오롱하늘채아파트,"충청남도 천안시 동남구 광풍로 1800 (청당동, 청당 코오롱 하늘채)",36.7790564624431,127.145174144184
청당한양수자인블루시티아파트(천안시 동남구 청당동 978 한양수자인 블루시티),,,,"충청남도 천안시 동남구 청당4로 60(청당동, 청당동 한양수자인 블루시티)",충청남도 천안시 동남구 청당동 978 청당동 한양수자인 블루시티,"충청남도 천안시 동남구 청당4로 60(청당동, 청당동 한양수자인 블루시티)",36.7775236051616,127.151721687682
청당한양수자인블루시티아파트(110동 관리사무소 출입구),,,,"충청남도 천안시 동남구 청당4로 60 (청당동, 청당동 한양수자인 블루시티)",충청남도 천안시 동남구 청당동 978번지 청당동 한양수자인 블루시티,"충청남도 천안시 동남구 청당4로 60 (청당동, 청당동 한양수자인 블루시티)",36.7775236051616,127.151721687682
청솔LGSK아파트(5경비초소),,,,"충청남도 천안시 동남구 청수로 98 (청수동, 청솔LG아파트)",충청남도 천안시 동남구 청수동 261 청솔LG아파트,"충청남도 천안시 동남구 청수로 98 (청수동, 청솔LG아파트)",36.7919510127243,127.158945352625
청수건강생활지원센터(청수건강생활지원센터 사무실 내),,,,충청남도 천안시 동남구 청수6로 106-3(청수동),충청남도 천안시 동남구 청수동 201-1,충청남도 천안시 동남구 청수6로 106-3(청수동),36.7896263544216,127.155304396515
청수한양수자인아파트(관리사무소 출입문 옆),,,,"충청남도 천안시 동남구 청수4로 11 (청당동, 청수한양수자인)",충청남도 천안시 동남구 청당동 458 청수한양수자인,"충청남도 천안시 동남구 청수4로 11 (청당동, 청수한양수자인)",36.7831162986193,127.149575961484
충청남도천안의료원(구급차 내),,,,"충청남도 천안시 동남구 충절로 537, 천안의료원 (삼룡동)",충청남도 천안시 동남구 삼룡동 41번지 13호 천안의료원,"충청남도 천안시 동남구 충절로 537, 천안의료원 (삼룡동)",36.7754882211639,127.179276126736
쿠팡풀필먼트서비스목천센터(1층 현장 보안게이트 앞),,,,"충청남도 천안시 동남구 수신면 5산단로 185, (주)삼성홈플러스물류서비스센타",충청남도 천안시 동남구 수신면 신풍리 153-4 (주)삼성홈플러스물류서비스센타,"충청남도 천안시 동남구 수신면 5산단로 185, (주)삼성홈플러스물류서비스센타",36.7432990484855,127.269658644413
쿠팡풀필먼트서비스목천센터(1층 OB현장 사무실 앞),,,,충청남도 천안시 동남구 수신면 5산단로 185,충청남도 천안시 동남구 수신면 신풍리 153-4 (주)삼성홈플러스물류서비스센타,충청남도 천안시 동남구 수신면 5산단로 185,36.7432990484855,127.269658644413
쿠팡풀필먼트서비스목천센터(1층 안전교육장 안),,,,충청남도 천안시 동남구 수신면 5산단로 185,충청남도 천안시 동남구 수신면 신풍리 153-4 (주)삼성홈플러스물류서비스센타,충청남도 천안시 동남구 수신면 5산단로 185,36.7432990484855,127.269658644413
쿠팡풀필먼트서비스목천센터(1층 HUB 사무실),,,,"충청남도 천안시 동남구 수신면 5산단로 185, (주)삼성홈플러스물류서비스센타",충청남도 천안시 동남구 수신면 신풍리 153-4 (주)삼성홈플러스물류서비스센타,"충청남도 천안시 동남구 수신면 5산단로 185, (주)삼성홈플러스물류서비스센타",36.7432990484855,127.269658644413
태조산산림레포츠단지(어울림센터 1층),,,,"충청남도 천안시 동남구 태조산길 261, 태조산산림레포츠단지 (유량동)",충청남도 천안시 동남구 유량동 6 태조산청소년수련관,"충청남도 천안시 동남구 태조산길 261, 태조산산림레포츠단지 (유량동)",36.8220781941172,127.188954140775
태조산산림레포츠단지(안전교육실),,,,"충청남도 천안시 동남구 태조산길 261, 태조산산림레포츠단지 (유량동)",충청남도 천안시 동남구 유량동 6 태조산청소년수련관,"충청남도 천안시 동남구 태조산길 261, 태조산산림레포츠단지 (유량동)",36.8220781941172,127.188954140775
포레나천안신부아파트(정문경비실),,,,"충청남도 천안시 동남구 천안대로 888 (신부동, 포레나 천안신부)",충청남도 천안시 동남구 신부동 999 포레나 천안신부,"충청남도 천안시 동남구 천안대로 888 (신부동, 포레나 천안신부)",36.8260357870541,127.15684071996
포레나천안신부아파트(관리소 앞),,,,"충청남도 천안시 동남구 천안대로 888 (신부동, 포레나 천안신부)",충청남도 천안시 동남구 신부동 999 포레나 천안신부,"충청남도 천안시 동남구 천안대로 888 (신부동, 포레나 천안신부)",36.8260357870541,127.15684071996
포레나천안신부아파트(후문경비실),,,,"충청남도 천안시 동남구 천안대로 888 (신부동, 포레나 천안신부)",충청남도 천안시 동남구 신부동 999 포레나 천안신부,"충청남도 천안시 동남구 천안대로 888 (신부동, 포레나 천안신부)",36.8260357870541,127.15684071996
"풍세미죽보건진료소(미죽2길6,보건진료소1층)",,,,"충청남도 천안시 동남구 풍세면 미죽2길 6, 풍세미죽보건진료소",충청남도 천안시 동남구 풍세면 미죽리 424-6,"충청남도 천안시 동남구 풍세면 미죽2길 6, 풍세미죽보건진료소",36.737727989528,127.150069157179
풍세보건지소(1층),,,,충청남도 천안시 동남구 풍세면 상정1길 9,충청남도 천안시 동남구 풍세면 풍서리 512-2,충청남도 천안시 동남구 풍세면 상정1길 9,36.7221298445522,127.118232091792
풍세용정보건진료소(1층),,,,충청남도 천안시 동남구 풍세면 돈마루1길 29,충청남도 천안시 동남구 풍세면 용정리 726-2,충청남도 천안시 동남구 풍세면 돈마루1길 29,36.7430484360162,127.102671351658
한국국토정보공사대전세종충남지역본부천안지사(1층 로비),,,,"충청남도 천안시 동남구 청수7로 24-66, 한국국토정보공사 천안시지사 (청당동)",충청남도 천안시 동남구 청당동 625 한국국토정보공사 천안시지사,"충청남도 천안시 동남구 청수7로 24-66, 한국국토정보공사 천안시지사 (청당동)",36.7865617262716,127.159212845456
한국기술교육대학교(소울관 중앙현관 로비(능력개발교육원)),,,,"충청남도 천안시 동남구 병천면 충절로 1600, 한국기술교육대학교",충청남도 천안시 동남구 병천면 가전리 307 한국기술교육대학교,"충청남도 천안시 동남구 병천면 충절로 1600, 한국기술교육대학교",36.765104950533,127.281200389603
한국기술교육대학교(다산정보관 중앙현관 로비),,,,"충청남도 천안시 동남구 병천면 충절로 1600, 한국기술교육대학교",충청남도 천안시 동남구 병천면 가전리 307 한국기술교육대학교,"충청남도 천안시 동남구 병천면 충절로 1600, 한국기술교육대학교",36.765104950533,127.281200389603
한국기술교육대학교(어린이집 급식실 앞),,,,"충청남도 천안시 동남구 병천면 충절로 1600, 한국기술교육대학교",충청남도 천안시 동남구 병천면 가전리 307 한국기술교육대학교,"충청남도 천안시 동남구 병천면 충절로 1600, 한국기술교육대학교",36.765104950533,127.281200389603
한국기술교육대학교(함지관 현관 로비),,,,"충청남도 천안시 동남구 병천면 충절로 1600, 한국기술교육대학교",충청남도 천안시 동남구 병천면 가전리 307 한국기술교육대학교,"충청남도 천안시 동남구 병천면 충절로 1600, 한국기술교육대학교",36.765104950533,127.281200389603
한국기술교육대학교(한울관 현관 로비),,,,"충청남도 천안시 동남구 병천면 충절로 1600, 한국기술교육대학교",충청남도 천안시 동남구 병천면 가전리 307 한국기술교육대학교,"충청남도 천안시 동남구 병천면 충절로 1600, 한국기술교육대학교",36.765104950533,127.281200389603
한국기술교육대학교(IH관 현관 로비),,,,"충청남도 천안시 동남구 병천면 충절로 1600, 한국기술교육대학교",충청남도 천안시 동남구 병천면 가전리 307 한국기술교육대학교,"충청남도 천안시 동남구 병천면 충절로 1600, 한국기술교육대학교",36.765104950533,127.281200389603
한국기술교육대학교(복지관 중앙현관 로비),,,,"충청남도 천안시 동남구 병천면 충절로 1600, 한국기술교육대학교",충청남도 천안시 동남구 병천면 가전리 307 한국기술교육대학교,"충청남도 천안시 동남구 병천면 충절로 1600, 한국기술교육대학교",36.765104950533,127.281200389603
한국기술교육대학교(4공학관 A동중앙현관 로비),,,,"충청남도 천안시 동남구 병천면 충절로 1600, 한국기술교육대학교",충청남도 천안시 동남구 병천면 가전리 307 한국기술교육대학교,"충청남도 천안시 동남구 병천면 충절로 1600, 한국기술교육대학교",36.765104950533,127.281200389603
한국기술교육대학교(예솔관 현관 로비),,,,"충청남도 천안시 동남구 병천면 충절로 1600, 한국기술교육대학교",충청남도 천안시 동남구 병천면 가전리 307 한국기술교육대학교,"충청남도 천안시 동남구 병천면 충절로 1600, 한국기술교육대학교",36.765104950533,127.281200389603
한국기술교육대학교(학생통합지원센터 2층 중앙현관 로비),,,,"충청남도 천안시 동남구 병천면 충절로 1600, 한국기술교육대학교",충청남도 천안시 동남구 병천면 가전리 307 한국기술교육대학교,"충청남도 천안시 동남구 병천면 충절로 1600, 한국기술교육대학교",36.765104950533,127.281200389603
한국기술교육대학교(다솔관 현관 로비),,,,"충청남도 천안시 동남구 병천면 충절로 1600, 한국기술교육대학교",충청남도 천안시 동남구 병천면 가전리 307 한국기술교육대학교,"충청남도 천안시 동남구 병천면 충절로 1600, 한국기술교육대학교",36.765104950533,127.281200389603
한국기술교육대학교(대학본부 중앙현관 로비),,,,"충청남도 천안시 동남구 병천면 충절로 1600, 한국기술교육대학교",충청남도 천안시 동남구 병천면 가전리 307 한국기술교육대학교,"충청남도 천안시 동남구 병천면 충절로 1600, 한국기술교육대학교",36.765104950533,127.281200389603
한국기술교육대학교(1공학관 중앙현관 로비),,,,"충청남도 천안시 동남구 병천면 충절로 1600, 한국기술교육대학교",충청남도 천안시 동남구 병천면 가전리 307 한국기술교육대학교,"충청남도 천안시 동남구 병천면 충절로 1600, 한국기술교육대학교",36.765104950533,127.281200389603
한국기술교육대학교(운동장 사열대),,,,"충청남도 천안시 동남구 병천면 충절로 1600, 한국기술교육대학교",충청남도 천안시 동남구 병천면 가전리 307 한국기술교육대학교,"충청남도 천안시 동남구 병천면 충절로 1600, 한국기술교육대학교",36.765104950533,127.281200389603
한국기술교육대학교(테니스장 대기실),,,,"충청남도 천안시 동남구 병천면 충절로 1600, 한국기술교육대학교",충청남도 천안시 동남구 병천면 가전리 307 한국기술교육대학교,"충청남도 천안시 동남구 병천면 충절로 1600, 한국기술교육대학교",36.765104950533,127.281200389603
한국자동차연구원(종합연구2동 1층),,,,"충청남도 천안시 동남구 풍세면 풍세로 303, 한국자동차연구원",충청남도 천안시 동남구 풍세면 용정리 74 한국자동차연구원,"충청남도 천안시 동남구 풍세면 풍세로 303, 한국자동차연구원",36.7426424270413,127.11532381434
한국자동차연구원(기숙사 1층),,,,"충청남도 천안시 동남구 풍세면 풍세로 303, 한국자동차연구원",충청남도 천안시 동남구 풍세면 용정리 74 한국자동차연구원,"충청남도 천안시 동남구 풍세면 풍세로 303, 한국자동차연구원",36.7426424270413,127.11532381434
한국자동차연구원(동문 경비실),,,,"충청남도 천안시 동남구 풍세면 풍세로 303, 한국자동차연구원",충청남도 천안시 동남구 풍세면 용정리 74 한국자동차연구원,"충청남도 천안시 동남구 풍세면 풍세로 303, 한국자동차연구원",36.7426424270413,127.11532381434
한국자동차연구원(서문 경비실),,,,"충청남도 천안시 동남구 풍세면 풍세로 303, 한국자동차연구원",충청남도 천안시 동남구 풍세면 용정리 74 한국자동차연구원,"충청남도 천안시 동남구 풍세면 풍세로 303, 한국자동차연구원",36.7426424270413,127.11532381434
한국자동차연구원(신뢰성연구동 1층),,,,"충청남도 천안시 동남구 풍세면 풍세로 303, 한국자동차연구원",충청남도 천안시 동남구 풍세면 용정리 74 한국자동차연구원,"충청남도 천안시 동남구 풍세면 풍세로 303, 한국자동차연구원",36.7426424270413,127.11532381434
한국자동차연구원(연구2동 1층),,,,"충청남도 천안시 동남구 풍세면 풍세로 303, 한국자동차연구원",충청남도 천안시 동남구 풍세면 용정리 74 한국자동차연구원,"충청남도 천안시 동남구 풍세면 풍세로 303, 한국자동차연구원",36.7426424270413,127.11532381434
한국자동차연구원(엔진연구동 1층),,,,"충청남도 천안시 동남구 풍세면 풍세로 303, 한국자동차연구원",충청남도 천안시 동남구 풍세면 용정리 74 한국자동차연구원,"충청남도 천안시 동남구 풍세면 풍세로 303, 한국자동차연구원",36.7426424270413,127.11532381434
한국자동차연구원(본관동 1층),,,,"충청남도 천안시 동남구 풍세면 풍세로 303, 한국자동차연구원",충청남도 천안시 동남구 풍세면 용정리 74 한국자동차연구원,"충청남도 천안시 동남구 풍세면 풍세로 303, 한국자동차연구원",36.7426424270413,127.11532381434
해양경찰연구센터(연구센터 본관 1층),,,,"충청남도 천안시 동남구 병천면 충절로 1687, 관세인재개발원(해경연구센터직무교육센터)",충청남도 천안시 동남구 병천면 병천리 331 관세인재개발원(해경연구센터직무교육센터),"충청남도 천안시 동남구 병천면 충절로 1687, 관세인재개발원(해경연구센터직무교육센터)",36.7682036299399,127.292224629087
행정타운센트럴두산위브아파트(커뮤니티센터 입구),,,,"충청남도 천안시 동남구 청당5로 20 (청당동, 행정타운 센트럴 두산위브)",충청남도 천안시 동남구 청당동 1005 행정타운 센트럴 두산위브,"충청남도 천안시 동남구 청당5로 20 (청당동, 행정타운 센트럴 두산위브)",36.779765071885,127.152822357196
향촌현대아파트(향촌현대아파트 통제실),,,,"충청남도 천안시 동남구 서부대로 226-11(신방동, 향촌현대아파트)",충청남도 천안시 동남구 신방동 905 향촌현대아파트,"충청남도 천안시 동남구 서부대로 226-11(신방동, 향촌현대아파트)",36.7885463947633,127.13012263218
남산건강생활누리관(남산건강생활누리관 사무실 내),,,,충청남도 천안시 동남구 천안천공원3길 27-20 (사직동),충청남도 천안시 동남구 사직동 343-145,충청남도 천안시 동남구 천안천공원3길 27-20 (사직동),36.797454314957,127.149328533099
천안박물관(2층 로비),,,,"충청남도 천안시 동남구 천안삼거리길 27, 천안박물관 (삼룡동)",충청남도 천안시 동남구 삼룡동 261-10 천안박물관,"충청남도 천안시 동남구 천안삼거리길 27, 천안박물관 (삼룡동)",36.7866956013648,127.163290209934
신방초원아파트(관리사무실 입구),,,,"충청남도 천안시 동남구 신촌4로 16 (신방동, 초원아파트)",충청남도 천안시 동남구 신방동 920 초원아파트,"충청남도 천안시 동남구 신촌4로 16 (신방동, 초원아파트)",36.7877722195836,127.126726688818
천안목천협성APT(경비실),,,,충청남도 천안시 동남구 목천읍 충절로 874 (천안목천 협성엠파이어 아파트),충청남도 천안시 동남구 목천읍 신계리 127-2 천안목천 협성엠파이어 아파트,충청남도 천안시 동남구 목천읍 충절로 874 (천안목천 협성엠파이어 아파트),36.7714193936172,127.208330396387
e편한세상천안역아파트(관리사무소),,,,충청남도 천안시 동남구 원성천1길 99 (원성동),충청남도 천안시 동남구 원성동 429-133,충청남도 천안시 동남구 원성천1길 99 (원성동),36.8048776781632,127.15599409662
태영건설(충청남도 천안시 동남구 풍세면 미죽리 347-6),,,,충청남도 천안시 동남구 풍세면 미죽리 347-6,충청남도 천안시 동남구 풍세면 미죽리 347-6,충청남도 천안시 동남구 풍세면 미죽리 347-6,36.7288939474127,127.155392468523
봉명역센트럴시티아파트(관리사무소 앞),,,,"충청남도 천안시 동남구 봉명4길 15 (봉명동, 봉명역센트럴시티아파트)",충청남도 천안시 동남구 봉명동 62-53 봉명역센트럴시티아파트,"충청남도 천안시 동남구 봉명4길 15 (봉명동, 봉명역센트럴시티아파트)",36.8053705924728,127.136260255089
대림한들아파트(아파트 정문 경비실),,,,"충청남도 천안시 동남구 터미널9길 59 (신부동, 대림한들아파트)",충청남도 천안시 동남구 신부동 545 대림한들아파트,"충청남도 천안시 동남구 터미널9길 59 (신부동, 대림한들아파트)",36.8240777079277,127.158179638116
천안신안초등학교(본동 1층 행정실 옆),,,,"충청남도 천안시 동남구 원성25길 21, 천안신안초등학교 (신부동)",충청남도 천안시 동남구 신부동 58-11 천안신안초등학교,"충청남도 천안시 동남구 원성25길 21, 천안신안초등학교 (신부동)",36.8141759824119,127.162904190867
천안신안초등학교(후동 1층 보건실 옆),,,,"충청남도 천안시 동남구 원성25길 21, 천안신안초등학교 (신부동)",충청남도 천안시 동남구 신부동 58-11 천안신안초등학교,"충청남도 천안시 동남구 원성25길 21, 천안신안초등학교 (신부동)",36.8141759824119,127.162904190867
천안용곡동일2차APT(상황실),,,,"충청남도 천안시 동남구 일봉로 72 (용곡동, 동일하이빌2단지아파트)",충청남도 천안시 동남구 용곡동 580 동일하이빌2단지아파트,"충청남도 천안시 동남구 일봉로 72 (용곡동, 동일하이빌2단지아파트)",36.7919372671392,127.135703262447
태영건설(태영건설 현장사무실),,,,충청남도 천안시 동남구 풍세면 태학산로 170,충청남도 천안시 동남구 풍세면 용정리 459-1,충청남도 천안시 동남구 풍세면 태학산로 170,36.7422224022343,127.112417170732
태영건설(현장 내 식당),,,,충청남도 천안시 동남구 풍세면 태학산로 170,충청남도 천안시 동남구 풍세면 용정리 459-1,충청남도 천안시 동남구 풍세면 태학산로 170,36.7422224022343,127.112417170732
호반건설천안일봉근린공원2BL공동주택신축공사(안전교육장),,,,"
  ",충청남도 천안시 동남구 용곡동 474-19,충청남도 천안시 동남구 용곡동 474-19,36.7929766482196,127.134081387271
동남구청(동남구 행정복합타운 동남구청사 당직실옆),,,,"충청남도 천안시 동남구 옛시청길 39, 동남구 행정복합타운 (문화동)",충청남도 천안시 동남구 문화동 112-1 동남구 행정복합타운,"충청남도 천안시 동남구 옛시청길 39, 동남구 행정복합타운 (문화동)",36.8066330452134,127.151177216737
한국자동차연구원(전자파실험동 2층),,,,"충청남도 천안시 동남구 풍세면 풍세로 303, 한국자동차연구원",충청남도 천안시 동남구 풍세면 용정리 74 한국자동차연구원,"충청남도 천안시 동남구 풍세면 풍세로 303, 한국자동차연구원",36.7426424270413,127.11532381434
천안도시공사 도솔광장(도솔광장 창고 옆),,,,"충청남도 천안시 동남구 천안대로 844, 도솔광장 (신부동)",충청남도 천안시 동남구 신부동 124 도솔광장,"충청남도 천안시 동남구 천안대로 844, 도솔광장 (신부동)",36.8241764926008,127.162901175837
천안도시공사 도솔광장(도솔광장 승강기방향 계단실 1층 내부),,,,"충청남도 천안시 동남구 천안대로 844, 도솔광장 (신부동)",충청남도 천안시 동남구 신부동 124 도솔광장,"충청남도 천안시 동남구 천안대로 844, 도솔광장 (신부동)",36.8241764926008,127.162901175837
천안역지하도상가(천안역지하도상가1차상가),,,,"충청남도 천안시 동남구 버들로 지하2, 지하상가 (대흥동)",충청남도 천안시 동남구 대흥동 30-7 지하상가,"충청남도 천안시 동남구 버들로 지하2, 지하상가 (대흥동)",36.8089101550296,127.149104906842
천안역지하도상가(천안역지하도상가2차상가),,,,"충청남도 천안시 동남구 버들로 지하2, 지하상가 (대흥동)",충청남도 천안시 동남구 대흥동 30-7 지하상가,"충청남도 천안시 동남구 버들로 지하2, 지하상가 (대흥동)",36.8089101550296,127.149104906842
동남구보건소(구급차 내),,,,충청남도 천안시 동남구 버들로 34 동남구보건소,충청남도 천안시 동남구 문화동  112-14 동남구보건소,충청남도 천안시 동남구 버들로 34 동남구보건소,36.8074366368997,127.15119213199
신방한라비발디APT(신방한라비발디아파트 정문),,,,"충청남도 천안시 동남구 통정9로 75 (신방동, 신방한라비발디아파트)",충청남도 천안시 동남구 신방동 1893 신방한라비발디아파트,"충청남도 천안시 동남구 통정9로 75 (신방동, 신방한라비발디아파트)",36.7708312453123,127.132683692902
천안어린이꿈누리터(동남구행정복합타운 어린이회관 1층),,,,"충청남도 천안시 동남구 옛시청길 39, 동남구행정복합타운 동남구청사 어린이회관 1층 (문화동)",충청남도 천안시 동남구 문화동 112번지 1호,"충청남도 천안시 동남구 옛시청길 39, 동남구행정복합타운 동남구청사 어린이회관 1층 (문화동)",36.8066330452134,127.151177216737
천안어린이꿈누리터(동남구 행정복합타운 어린이회관 2층),,,,"충청남도 천안시 동남구 옛시청길 39, 동남구행정복합타운어린이회관 (문화동)",충청남도 천안시 동남구 문화동 112번지 1호,"충청남도 천안시 동남구 옛시청길 39, 동남구행정복합타운어린이회관 (문화동)",36.8066330452134,127.151177216737
동남구치매안심센터(동남구치매안심센터 내 출입구 옆),,,,"충청남도 천안시 동남구 버들로 40, 동남구보건소,교통정보센터 8층 (문화동)",충청남도 천안시 동남구 문화동 112번지 1호 동남구보건소,"충청남도 천안시 동남구 버들로 40, 동남구보건소,교통정보센터 8층 (문화동)",36.8071777710683,127.151457098785
도솔노블시티 동문굿모닝힐 아파트(주민공동센터 헬스장 앞),,,,충청남도 천안시 동남구 신부8길 21  (신부동),충청남도 천안시 동남구 신부동 515,충청남도 천안시 동남구 신부8길 21  (신부동),36.8170432327325,127.161310147332
(주)아라리오(고속터미널1층 대합실 매표소 앞),,,,충청남도 천안시 동남구 만남로 43 신세계백화점,충청남도 천안시 동남구 신부동  363-2 신세계백화점충청점 신세계백화점,충청남도 천안시 동남구 만남로 43 신세계백화점,36.8193302097389,127.15784651678
동보아파트(관리동 2층 관리사무소 입구),,,,충청남도 천안시 동남구 각원사길 59-5,충청남도 천안시 동남구 안서동  304-1 동보영구임대아파트,충청남도 천안시 동남구 각원사길 59-5,36.8311878451726,127.177796963363
봉명청솔3차아파트입주자대표회의(관리동 관리사무소 2층 출입구 우측),,,,"충청남도 천안시 동남구 봉서8길 13  (봉명동, 청솔3차아파트)",충청남도 천안시 동남구 봉명동 494 청솔3차아파트,"충청남도 천안시 동남구 봉서8길 13  (봉명동, 청솔3차아파트)",36.811348418518,127.133365809332
힐스테이트천안신부아파트(정문경비실),,,,"충청남도 천안시 동남구 북일로 70  (신부동, 천안신부힐스테이트)",충청남도 천안시 동남구 신부동 978 천안신부힐스테이트,"충청남도 천안시 동남구 북일로 70  (신부동, 천안신부힐스테이트)",36.8270312592615,127.155867333169
힐스테이트천안신부아파트(관리사무소 내),,,,"충청남도 천안시 동남구 북일로 70  (신부동, 천안신부힐스테이트)",충청남도 천안시 동남구 신부동 978 천안신부힐스테이트,"충청남도 천안시 동남구 북일로 70  (신부동, 천안신부힐스테이트)",36.8270312592615,127.155867333169
행정타운두산위브더파크(관리사무소 내),,,,"충청남도 천안시 동남구 청당3길 147  (청당동, 행정타운 두산위브더파크)",충청남도 천안시 동남구 청당동 980 행정타운 두산위브더파크,"충청남도 천안시 동남구 청당3길 147  (청당동, 행정타운 두산위브더파크)",36.7802050706518,127.161164581331
천안역(3층 동부안내소 앞),,,,충청남도 천안시 동남구 대흥로 239 천안역사,충청남도 천안시 동남구 대흥로 239 천안역사,충청남도 천안시 동남구 대흥로 239 천안역사,36.8123208138282,127.146822493854
천안역(7번 플랫폼 고객대기실),,,,충청남도 천안시 동남구 대흥로 239 천안역사,충청남도 천안시 동남구 대흥로 239 천안역사,충청남도 천안시 동남구 대흥로 239 천안역사,36.8123208138282,127.146822493854
천안역(4번승강장 고객대기실 내),,,,충청남도 천안시 동남구 대흥로 239 천안역사,충청남도 천안시 동남구 대흥로 239 천안역사,충청남도 천안시 동남구 대흥로 239 천안역사,36.8123208138282,127.146822493854
청수2단지버들마을아파트(201동 1층 엘리베이터 앞),,,,"충청남도 천안시 동남구 청수14로 29 (청당동, 청수2단지주공버들마을아파트)",충청남도 천안시 동남구 청당동 472번지 청수2단지주공버들마을아파트,"충청남도 천안시 동남구 청수14로 29 (청당동, 청수2단지주공버들마을아파트)",36.7864279474239,127.14960469219
국립농산물품질관리원충남지원천안사무소(천안시 동남구 중앙로 273-7(신부동 873)),,,,충청남도 천안시 동남구 중앙로 273-7,충청남도 천안시 동남구 중앙로 273-7,충청남도 천안시 동남구 중앙로 273-7,36.8224940562996,127.151712902857
목천2차부영아파트(관리사무실 내),,,,충청남도 천안시 동남구 목천읍 삼성5길 41,충청남도 천안시 동남구 목천읍 삼성리 9-6 원앙마을 부영아파트,충청남도 천안시 동남구 목천읍 삼성5길 41,36.7613183058253,127.178103475136
목천이수프라임아파트(관리사무소 입구),,,,충청남도 천안시 동남구 목천읍 충절로 892,충청남도 천안시 동남구 목천읍 신계리 134-3 이수프라임아파트,충청남도 천안시 동남구 목천읍 충절로 892,36.7733470968792,127.210764838321
신방한성필하우스APT(관리사무소 앞),,,,충청남도 천안시 동남구 통정3로 68 (신방동) 신방한성필하우스아파트,충청남도 천안시 동남구 통정3로 68 (신방동) 신방한성필하우스아파트,충청남도 천안시 동남구 통정3로 68 (신방동) 신방한성필하우스아파트,36.7768561662136,127.133597391259
천안예술의전당(대공연장 로비),,,,충청남도 천안시 동남구 성남면 종합휴양지로 185 천안예술의전당,충청남도 천안시 동남구 성남면 용원리 710 대공연장 천안예술의전당,충청남도 천안시 동남구 성남면 종합휴양지로 185 천안예술의전당,36.7561302834083,127.224888572574
목천신도브래뉴2차APT(경비실내),,,,충청남도 천안시 동남구 목천읍 목천안터2길 19 관리사무소,충청남도 천안시 동남구 목천읍 목천안터2길 19 관리사무소,충청남도 천안시 동남구 목천읍 목천안터2길 19 관리사무소,36.7761160818118,127.211200099714
천안용곡1차세광APT(109동 반지하1층 관리사무소 내부),,,,충청남도 천안시 동남구 풍세로 801-23 관리사무소,충청남도 천안시 동남구 용곡동 571 용곡1차세광엔리치타워아파트 관리사무소,충청남도 천안시 동남구 풍세로 801-23 관리사무소,36.7800848581284,127.140332212358
충청남도천안의료원(1층 중앙로비(게시판 앞)),,,,충청남도 천안시 동남구 충절로 537 천안의료원,충청남도 천안시 동남구 삼룡동  41-13 천안의료원 천안의료원,충청남도 천안시 동남구 충절로 537 천안의료원,36.7754882211639,127.179276126736
청수2단지버들마을아파트(관리동1층 노인정옆),,,,충청남도 천안시 동남구 청수14로 29,충청남도 천안시 동남구 청수14로 29,충청남도 천안시 동남구 청수14로 29,36.7864279474239,127.14960469219
청수극동2차아파트(관리사무소),,,,충청남도 천안시 동남구 청수로 71-7,충청남도 천안시 동남구 청수동  183 극동2차아파트,충청남도 천안시 동남구 청수로 71-7,36.7904169713272,127.152674780971
(주)경신전선(양호실),,,,충청남도 천안시 서북구 입장면 연곡길 567,충청남도 천안시 서북구 입장면 연곡리 193-1,충청남도 천안시 서북구 입장면 연곡길 567,36.9510252534821,127.18969689838
(주)삼성전자(그린센터 2층 계단앞),,,,"충청남도 천안시 서북구 번영로 465, 삼성전자(주)천안캠퍼스 (성성동)",충청남도 천안시 서북구 성성동 510 삼성전자(주)천안캠퍼스,"충청남도 천안시 서북구 번영로 465, 삼성전자(주)천안캠퍼스 (성성동)",36.8417769471557,127.118837229524
(주)삼성전자(UT동 1층 정문 앞),,,,"충청남도 천안시 서북구 번영로 465, 삼성전자(주)천안캠퍼스 (성성동)",충청남도 천안시 서북구 성성동 510 삼성전자(주)천안캠퍼스,"충청남도 천안시 서북구 번영로 465, 삼성전자(주)천안캠퍼스 (성성동)",36.8417769471557,127.118837229524
(주)삼성전자(C1 1층 탈의실 앞),,,,"충청남도 천안시 서북구 번영로 465, 삼성전자(주)천안캠퍼스 (성성동)",충청남도 천안시 서북구 성성동 510 삼성전자(주)천안캠퍼스,"충청남도 천안시 서북구 번영로 465, 삼성전자(주)천안캠퍼스 (성성동)",36.8417769471557,127.118837229524
(주)삼성전자(신정문 입구),,,,"충청남도 천안시 서북구 번영로 465, 삼성전자(주)천안캠퍼스 (성성동)",충청남도 천안시 서북구 성성동 510 삼성전자(주)천안캠퍼스,"충청남도 천안시 서북구 번영로 465, 삼성전자(주)천안캠퍼스 (성성동)",36.8417769471557,127.118837229524
(주)삼성전자(C5 1층 정문 스피드게이트),,,,"충청남도 천안시 서북구 번영로 465, 삼성전자(주)천안캠퍼스 (성성동)",충청남도 천안시 서북구 성성동 510 삼성전자(주)천안캠퍼스,"충청남도 천안시 서북구 번영로 465, 삼성전자(주)천안캠퍼스 (성성동)",36.8417769471557,127.118837229524
(주)온셀텍(남자 탈의실 출입구),,,,충청남도 천안시 서북구 3공단6로 86-9 (차암동),충청남도 천안시 서북구 차암동 426,충청남도 천안시 서북구 3공단6로 86-9 (차암동),36.8426991823226,127.108223233037
(주)온셀텍(여자 탈의실 출입구),,,,충청남도 천안시 서북구 3공단6로 86-9 (차암동),충청남도 천안시 서북구 차암동 426,충청남도 천안시 서북구 3공단6로 86-9 (차암동),36.8426991823226,127.108223233037
(주)온셀텍(회사 로비),,,,충청남도 천안시 서북구 3공단6로 86-9 (차암동),충청남도 천안시 서북구 차암동 426,충청남도 천안시 서북구 3공단6로 86-9 (차암동),36.8426991823226,127.108223233037
(주)지에스아이(가공센터 1층),,,,충청남도 천안시 서북구 직산읍 부송로 165-23,충청남도 천안시 서북구 직산읍 양당리 218-5,충청남도 천안시 서북구 직산읍 부송로 165-23,36.8858839711583,127.109514625572
(주)지에스아이(2사업장 현장),,,,충청남도 천안시 서북구 직산읍 부송로 165-23,충청남도 천안시 서북구 직산읍 양당리 218-5,충청남도 천안시 서북구 직산읍 부송로 165-23,36.8858839711583,127.109514625572
(주)지에스아이(2공장 1층 로비),,,,충청남도 천안시 서북구 직산읍 부송로 165-23,충청남도 천안시 서북구 직산읍 양당리 218-5,충청남도 천안시 서북구 직산읍 부송로 165-23,36.8858839711583,127.109514625572
(주)지에스아이(1공장 1층 로비),,,,충청남도 천안시 서북구 직산읍 부송로 165-23,충청남도 천안시 서북구 직산읍 양당리 218-5,충청남도 천안시 서북구 직산읍 부송로 165-23,36.8858839711583,127.109514625572
(주)지에스아이(성거 임대공장),,,,충청남도 천안시 서북구 직산읍 부송로 165-23,충청남도 천안시 서북구 직산읍 양당리 218-5,충청남도 천안시 서북구 직산읍 부송로 165-23,36.8858839711583,127.109514625572
(주)한창이지엠(1공장 1층),,,,충청남도 천안시 서북구 입장면 입장로 249,충청남도 천안시 서북구 입장면 유리 14-1,충청남도 천안시 서북구 입장면 입장로 249,36.9247550545782,127.221644669873
(주)한창이지엠(3공장 1층),,,,충청남도 천안시 서북구 입장면 입장로 249,충청남도 천안시 서북구 입장면 유리 14-1,충청남도 천안시 서북구 입장면 입장로 249,36.9247550545782,127.221644669873
"(주)한창이지엠(사무, 연구동 1층)",,,,충청남도 천안시 서북구 입장면 입장로 249,충청남도 천안시 서북구 입장면 유리 14-1,충청남도 천안시 서북구 입장면 입장로 249,36.9247550545782,127.221644669873
(주)한창이지엠(2공장 1층),,,,충청남도 천안시 서북구 입장면 입장로 249,충청남도 천안시 서북구 입장면 유리 14-1,충청남도 천안시 서북구 입장면 입장로 249,36.9247550545782,127.221644669873
e편한세상1차스마일시티(관리동 2층 관리사무소내),,,,충청남도 천안시 서북구 3공단6로 85-27,충청남도 천안시 서북구 차암동  442 e편한세상스마일시티,충청남도 천안시 서북구 3공단6로 85-27,,
e편한세상두정2차(정문 보안실),,,,"충청남도 천안시 서북구 노태산로 145(두정동, e편한세상 두정2차)",충청남도 천안시 서북구 두정동 2055 e편한세상 두정2차,"충청남도 천안시 서북구 노태산로 145(두정동, e편한세상 두정2차)",36.8373906851419,127.13039310427
e편한세상두정3차(커뮤니티센터내 정수기옆),,,,"충청남도 천안시 서북구 북일로 21 (두정동, e편한세상 두정3차)",충청남도 천안시 서북구 두정동 2063 e편한세상 두정3차,"충청남도 천안시 서북구 북일로 21 (두정동, e편한세상 두정3차)",36.8321918384635,127.153770119687
e편한세상두정3차(관리사무소 출입구 우측 벽면),,,,충청남도 천안시 서북구 북일로 21,충청남도 천안시 서북구 두정동  2063 e편한세상 두정3차,충청남도 천안시 서북구 북일로 21,36.8321918384635,127.153770119687
계양전기(소통관 1층 로비),,,,"충청남도 천안시 서북구 성환읍 연암로 490-48, 계양전기(주)",충청남도 천안시 서북구 성환읍 도하리 124-1 계양전기(주),"충청남도 천안시 서북구 성환읍 연암로 490-48, 계양전기(주)",36.9490285892837,127.18082185065
광명장미아파트(관리사무소1층현관),,,,"충청남도 천안시 서북구 미라2길 19(쌍용동, 광명아파트)",충청남도 천안시 서북구 쌍용동 1233 광명아파트,"충청남도 천안시 서북구 미라2길 19(쌍용동, 광명아파트)",36.8014416414255,127.128834420719
대우목화아파트(6동앞 1차경비실),,,,"충청남도 천안시 서북구 서부16길 49  (성정동, 대우목화아파트)",충청남도 천안시 서북구 성정동 643 대우목화아파트,"충청남도 천안시 서북구 서부16길 49  (성정동, 대우목화아파트)",36.8225414680027,127.141620098856
대우타워아파트(정문 경비실 내),,,,충청남도 천안시 서북구 미라15길 24,충청남도 천안시 서북구 쌍용동  889 대우타워아파트,충청남도 천안시 서북구 미라15길 24,36.806488267854,127.132082681856
대원칸타빌(관리동 1층 복도),,,,충청남도 천안시 서북구 불당11로 82,충청남도 천안시 서북구 불당동  787 대원칸타빌아파트,충청남도 천안시 서북구 불당11로 82,36.8041428419717,127.116211467393
대전지방고용노동청천안지청(1층 고객지원실 옆),,,,"충청남도 천안시 서북구 원두정8길 3, 고용노동부천안지청 (두정동)",충청남도 천안시 서북구 두정동 900 고용노동부천안지청,"충청남도 천안시 서북구 원두정8길 3, 고용노동부천안지청 (두정동)",36.8331340888455,127.1338335225
대전지방고용노동청천안지청천안고용센터(천안고용센터 4층 우편함 옆),,,,"충청남도 천안시 서북구 동서대로 163, 충남타워 (성정동)",충청남도 천안시 서북구 성정동 1437 충남타워,"충청남도 천안시 서북구 동서대로 163, 충남타워 (성정동)",36.8258895523175,127.141303450512
동아ST(현장),,,,"충청남도 천안시 서북구 백석공단1로 200-23, 동아제약 (차암동)",충청남도 천안시 서북구 차암동 404 동아제약,"충청남도 천안시 서북구 백석공단1로 200-23, 동아제약 (차암동)",36.8398745584178,127.110397664499
동아ST(로비),,,,"충청남도 천안시 서북구 백석공단1로 200-23, 동아제약 (차암동)",충청남도 천안시 서북구 차암동 404 동아제약,"충청남도 천안시 서북구 백석공단1로 200-23, 동아제약 (차암동)",36.8398745584178,127.110397664499
두정역범양레우스알파(관리사무소),,,,"충청남도 천안시 서북구 두정공단2길 26 (두정동, 두정역범양레우스 알파)",충청남도 천안시 서북구 두정동 399-1 두정역범양레우스 알파,"충청남도 천안시 서북구 두정공단2길 26 (두정동, 두정역범양레우스 알파)",,
두정역푸르지오아파트(후문상황실입구),,,,충청남도 천안시 서북구 두정역길 48,충청남도 천안시 서북구 두정동  2037 두정역푸르지오아파트,충청남도 천안시 서북구 두정역길 48,36.834501473394,127.150809078538
두정역푸르지오아파트(정문경비실),,,,"충청남도 천안시 서북구 두정역길 48 (두정동, 두정역푸르지오아파트)",충청남도 천안시 서북구 두정동 2037 두정역푸르지오아파트,"충청남도 천안시 서북구 두정역길 48 (두정동, 두정역푸르지오아파트)",36.834501473394,127.150809078538
두정우성아파트(관리사무소),,,,"충청남도 천안시 서북구 두정고7길 36  (두정동, 우성아파트)",충청남도 천안시 서북구 두정동 1909 우성아파트,"충청남도 천안시 서북구 두정고7길 36  (두정동, 우성아파트)",36.8365877416436,127.132482953303
두정주공8단지아파트(관리동),,,,"충청남도 천안시 서북구 두정중5길 33  (두정동, 주공8단지아파트)",충청남도 천안시 서북구 두정동 527 주공8단지아파트,"충청남도 천안시 서북구 두정중5길 33  (두정동, 주공8단지아파트)",36.8361540797281,127.143399067772
두진그린힐(관리사무실 내부),,,,충청남도 천안시 서북구 성환읍 율금1길 221-34,충청남도 천안시 서북구 성환읍 율금리 773 두진그린힐아파트,충청남도 천안시 서북구 성환읍 율금1길 221-34,36.905497936579,127.099533872161
듀폰스페셜티머터리얼스코리아유한회사(백석동 DT),,,,"충청남도 천안시 서북구 3공단2로 71, 한국유미코아(유) (차암동)",충청남도 천안시 서북구 차암동 410 한국유미코아(유),"충청남도 천안시 서북구 3공단2로 71, 한국유미코아(유) (차암동)",36.8380923046292,127.113696893162
듀폰스페셜티머터리얼스코리아유한회사(차암동 (office)),,,,"충청남도 천안시 서북구 3공단2로 71, 한국유미코아(유) (차암동)",충청남도 천안시 서북구 차암동 410 한국유미코아(유),"충청남도 천안시 서북구 3공단2로 71, 한국유미코아(유) (차암동)",36.8380923046292,127.113696893162
듀폰스페셜티머터리얼스코리아유한회사(차암동 (ACT)),,,,"충청남도 천안시 서북구 3공단2로 71, 한국유미코아(유) (차암동)",충청남도 천안시 서북구 차암동 410 한국유미코아(유),"충청남도 천안시 서북구 3공단2로 71, 한국유미코아(유) (차암동)",36.8380923046292,127.113696893162
듀폰스페셜티머터리얼스코리아유한회사(백석동 ST),,,,"충청남도 천안시 서북구 3공단2로 71, 한국유미코아(유) (차암동)",충청남도 천안시 서북구 차암동 410 한국유미코아(유),"충청남도 천안시 서북구 3공단2로 71, 한국유미코아(유) (차암동)",36.8380923046292,127.113696893162
듀폰스페셜티머터리얼스코리아유한회사(차암동 (APT)),,,,"충청남도 천안시 서북구 3공단2로 71, 한국유미코아(유) (차암동)",충청남도 천안시 서북구 차암동 410 한국유미코아(유),"충청남도 천안시 서북구 3공단2로 71, 한국유미코아(유) (차암동)",36.8380923046292,127.113696893162
라이프타운아파트(경비1초소),,,,충청남도 천안시 서북구 쌍용11길 33,충청남도 천안시 서북구 쌍용동  1279 라이프타운아파트,충청남도 천안시 서북구 쌍용11길 33,36.8026205312463,127.121944181571
롯데웰푸드천안공장(관리동 3층 식당 입구),,,,"충청남도 천안시 서북구 2공단4로 19, 롯데푸드천안공장 (성성동)",충청남도 천안시 서북구 성성동 494 롯데푸드천안공장,"충청남도 천안시 서북구 2공단4로 19, 롯데푸드천안공장 (성성동)",36.8503600124086,127.118889644768
롯데웰푸드천안공장(정제동 현관 앞),,,,"충청남도 천안시 서북구 2공단4로 19, 롯데푸드천안공장 (성성동)",충청남도 천안시 서북구 성성동 494 롯데푸드천안공장,"충청남도 천안시 서북구 2공단4로 19, 롯데푸드천안공장 (성성동)",36.8503600124086,127.118889644768
백석2차아이파크(피트니스센터입구),,,,"충청남도 천안시 서북구 한들3로 35-23 (백석동, 천안백석2차아이파크)",충청남도 천안시 서북구 백석동 1178 천안백석2차아이파크,"충청남도 천안시 서북구 한들3로 35-23 (백석동, 천안백석2차아이파크)",36.8243997794035,127.119233035272
백석2차아이파크(상황실),,,,"충청남도 천안시 서북구 한들3로 35-23 (백석동, 천안백석2차아이파크)",충청남도 천안시 서북구 백석동 1178 천안백석2차아이파크,"충청남도 천안시 서북구 한들3로 35-23 (백석동, 천안백석2차아이파크)",36.8243997794035,127.119233035272
백석3차아이파크(백석3차아이파크후문경비실내부),,,,충청남도 천안시 서북구 한들3로 36-17,충청남도 천안시 서북구 백석동  1200 천안백석3차 IPARK,충청남도 천안시 서북구 한들3로 36-17,36.8270198751375,127.125248783156
백석계룡리슈빌아파트(정문 경비실 출입구 옆),,,,"충청남도 천안시 서북구 한들3로 107(백석동, 백석계룡리슈빌아파트)",충청남도 천안시 서북구 백석동 1007 백석계룡리슈빌아파트,"충청남도 천안시 서북구 한들3로 107(백석동, 백석계룡리슈빌아파트)",36.832663272848,127.123235930678
백석계룡리슈빌아파트(후문경비실),,,,충청남도 천안시 서북구 한들3로 107,충청남도 천안시 서북구 백석동  1007 백석계룡리슈빌아파트,충청남도 천안시 서북구 한들3로 107,36.832663272848,127.123235930678
백석그린빌2차(관리동 2층),,,,충청남도 천안시 서북구 백석3로 91,충청남도 천안시 서북구 백석동  890 백석그린빌2차아파트,충청남도 천안시 서북구 백석3로 91,36.8226789379408,127.121365024516
백석더샵아파트(관리사무소앞 벽면설치 (정 문)),,,,충청남도 천안시 서북구 한들3로 70,충청남도 천안시 서북구 백석동  1193 백석동 더샵,충청남도 천안시 서북구 한들3로 70,36.830166441948,127.125686826641
백석더샵아파트(정문 경비실 벽면),,,,충청남도 천안시 서북구 한들3로 70,충청남도 천안시 서북구 백석동  1193 백석동 더샵,충청남도 천안시 서북구 한들3로 70,36.830166441948,127.125686826641
백석아이파크1차(103동앞 상황실),,,,충청남도 천안시 서북구 한들3로 100,충청남도 천안시 서북구 백석동  941 백석마을아이파크아파트,충청남도 천안시 서북구 한들3로 100,36.8322935226357,127.124127085363
백석푸르지오(정문 경비실 내),,,,"충청남도 천안시 서북구 한들2로 88 (백석동, 백석푸르지오아파트)",충청남도 천안시 서북구 백석동 979 백석푸르지오아파트,"충청남도 천안시 서북구 한들2로 88 (백석동, 백석푸르지오아파트)",36.8292521989463,127.120798231112
백석현대아파트(관리사무실입구),,,,충청남도 천안시 서북구 백석로 136,충청남도 천안시 서북구 백석동  191-3 백석현대아파트,충청남도 천안시 서북구 백석로 136,36.8215954918983,127.125827708537
백석호반리젠시빌아파트 1단지(경비실),,,,"충청남도 천안시 서북구 백석2길 12 (백석동, 호반리젠시빌아파트)",충청남도 천안시 서북구 백석동 909 호반리젠시빌아파트,"충청남도 천안시 서북구 백석2길 12 (백석동, 호반리젠시빌아파트)",36.818108342826,127.118404879688
백석호반리젠시빌아파트2단지(경비실),,,,"충청남도 천안시 서북구 백석2길 40 (백석동, 백석호반리젠시빌아파트)",충청남도 천안시 서북구 백석동 900 백석호반리젠시빌아파트,"충청남도 천안시 서북구 백석2길 40 (백석동, 백석호반리젠시빌아파트)",36.820397525195,127.121173685278
북천안자이에뜨아파트(관리사무소내),,,,충청남도 천안시 서북구 성거읍 성거길 20,충청남도 천안시 서북구 성거읍 송남리 585 북천안자이에뜨,충청남도 천안시 서북구 성거읍 성거길 20,36.8678403801487,127.197520143625
불당동일하이빌아파트(종합상황실 앞),,,,"충청남도 천안시 서북구 시청로 73 (불당동, 불당마을동일하이빌아파트)",충청남도 천안시 서북구 불당동 750 불당마을동일하이빌아파트,"충청남도 천안시 서북구 시청로 73 (불당동, 불당마을동일하이빌아파트)",36.8086340302573,127.113075292474
불당리더힐스(정문경비실),,,,"충청남도 천안시 서북구 불당24로 10 (불당동, 불당리더힐스)",충청남도 천안시 서북구 불당동 1497 불당리더힐스,"충청남도 천안시 서북구 불당24로 10 (불당동, 불당리더힐스)",36.8227120371508,127.102578611022
불당리더힐스(관리실1층),,,,충청남도 천안시 서북구 불당24로 10 1,충청남도 천안시 서북구 불당동  1497 불당리더힐스 1,충청남도 천안시 서북구 불당24로 10 1,,
불당이안아파트(정문보안실),,,,"충청남도 천안시 서북구 불당23로 13 (불당동, 불당이안)",충청남도 천안시 서북구 불당동 1503 불당이안,"충청남도 천안시 서북구 불당23로 13 (불당동, 불당이안)",36.8209843432287,127.102157004348
불당이안아파트(관리사무소),,,,"충청남도 천안시 서북구 불당23로 13  (불당동, 불당이안)",충청남도 천안시 서북구 불당동 1503 불당이안,"충청남도 천안시 서북구 불당23로 13  (불당동, 불당이안)",36.8209843432287,127.102157004348
불당지웰더샵(관리실 앞),,,,충청남도 천안시 서북구 불당26로 77,충청남도 천안시 서북구 불당동 1548 천안불당 지웰더샵,충청남도 천안시 서북구 불당26로 77,36.8160608210984,127.104893730194
불당한성필하우스(정문경비실 우측모서리),,,,"충청남도 천안시 서북구 불당11로 68 (불당동, 한성아파트)",충청남도 천안시 서북구 불당동 788 한성아파트,"충청남도 천안시 서북구 불당11로 68 (불당동, 한성아파트)",36.8021490576558,127.114054307818
불당현대아이파크아파트(아파트관리동1층),,,,"충청남도 천안시 서북구 불당17길 14  (불당동, 불당아이파크)",충청남도 천안시 서북구 불당동 757 불당아이파크,"충청남도 천안시 서북구 불당17길 14  (불당동, 불당아이파크)",36.8091043219242,127.11029060282
불당호반배르디움더퍼스트(관리실입구),,,,충청남도 천안시 서북구 불당19로 200,충청남도 천안시 서북구 불당동  1811 불당 호반베르디움 The First,충청남도 천안시 서북구 불당19로 200,36.8080642339437,127.102565791713
불당호반베르디움센트로포레(커뮤니티센터로비),,,,"충청남도 천안시 서북구 불당23로 10  (불당동, 호반베르디움 센트로포레)",충청남도 천안시 서북구 불당동 1510 호반베르디움 센트로포레,"충청남도 천안시 서북구 불당23로 10  (불당동, 호반베르디움 센트로포레)",36.8177070560218,127.101258156058
불당호반써밋플레이스(관리실1층),,,,충청남도 천안시 서북구 불당21로 40,충청남도 천안시 서북구 불당동  1613 천안불당 호반써밋플레이스,충청남도 천안시 서북구 불당21로 40,36.8130061408921,127.1045945918
브라운스톤천안아파트(관리실 1층 복도),,,,충청남도 천안시 서북구 번영로 306-15,충청남도 천안시 서북구 백석동  930 브라운스톤,충청남도 천안시 서북구 번영로 306-15,36.8296143442117,127.115178126598
삼성디스플레이(주)(A1 3F 창고),,,,"충청남도 천안시 서북구 번영로 465, 삼성전자(주)천안캠퍼스 (성성동)",충청남도 천안시 서북구 성성동 510 삼성전자(주)천안캠퍼스,"충청남도 천안시 서북구 번영로 465, 삼성전자(주)천안캠퍼스 (성성동)",36.8417769471557,127.118837229524
삼성디스플레이(주)(A1 5F 3번반입구),,,,"충청남도 천안시 서북구 번영로 465, 삼성전자(주)천안캠퍼스 (성성동)",충청남도 천안시 서북구 성성동 510 삼성전자(주)천안캠퍼스,"충청남도 천안시 서북구 번영로 465, 삼성전자(주)천안캠퍼스 (성성동)",36.8417769471557,127.118837229524
삼성디스플레이(주)(A1 3F 1번반입구),,,,"충청남도 천안시 서북구 번영로 465, 삼성전자(주)천안캠퍼스 (성성동)",충청남도 천안시 서북구 성성동 510 삼성전자(주)천안캠퍼스,"충청남도 천안시 서북구 번영로 465, 삼성전자(주)천안캠퍼스 (성성동)",36.8417769471557,127.118837229524
삼성디스플레이(주)(A1 2F 2번반입구),,,,"충청남도 천안시 서북구 번영로 465, 삼성전자(주)천안캠퍼스 (성성동)",충청남도 천안시 서북구 성성동 510 삼성전자(주)천안캠퍼스,"충청남도 천안시 서북구 번영로 465, 삼성전자(주)천안캠퍼스 (성성동)",36.8417769471557,127.118837229524
삼성디스플레이(주)(E/V 앞),,,,"충청남도 천안시 서북구 번영로 465, 삼성전자(주)천안캠퍼스 (성성동)",충청남도 천안시 서북구 성성동 510 삼성전자(주)천안캠퍼스,"충청남도 천안시 서북구 번영로 465, 삼성전자(주)천안캠퍼스 (성성동)",36.8417769471557,127.118837229524
삼성디스플레이(주)(A1 UT동 1F 입구),,,,"충청남도 천안시 서북구 번영로 465, 삼성전자(주)천안캠퍼스 (성성동)",충청남도 천안시 서북구 성성동 510 삼성전자(주)천안캠퍼스,"충청남도 천안시 서북구 번영로 465, 삼성전자(주)천안캠퍼스 (성성동)",36.8417769471557,127.118837229524
삼성디스플레이(주)(A1 2F 개발샵입구),,,,"충청남도 천안시 서북구 번영로 465, 삼성전자(주)천안캠퍼스 (성성동)",충청남도 천안시 서북구 성성동 510 삼성전자(주)천안캠퍼스,"충청남도 천안시 서북구 번영로 465, 삼성전자(주)천안캠퍼스 (성성동)",36.8417769471557,127.118837229524
삼성디스플레이(주)(A1 5F 4번반입구),,,,"충청남도 천안시 서북구 번영로 465, 삼성전자(주)천안캠퍼스 (성성동)",충청남도 천안시 서북구 성성동 510 삼성전자(주)천안캠퍼스,"충청남도 천안시 서북구 번영로 465, 삼성전자(주)천안캠퍼스 (성성동)",36.8417769471557,127.118837229524
삼성디스플레이(주)(A1 5F 1번반입구),,,,"충청남도 천안시 서북구 번영로 465, 삼성전자(주)천안캠퍼스 (성성동)",충청남도 천안시 서북구 성성동 510 삼성전자(주)천안캠퍼스,"충청남도 천안시 서북구 번영로 465, 삼성전자(주)천안캠퍼스 (성성동)",36.8417769471557,127.118837229524
삼성디스플레이(주)(A1 UT동 RF 입구),,,,"충청남도 천안시 서북구 번영로 465, 삼성전자(주)천안캠퍼스 (성성동)",충청남도 천안시 서북구 성성동 510 삼성전자(주)천안캠퍼스,"충청남도 천안시 서북구 번영로 465, 삼성전자(주)천안캠퍼스 (성성동)",36.8417769471557,127.118837229524
삼성디스플레이(주)(A1 2F 천안환경안전그룹),,,,"충청남도 천안시 서북구 번영로 465, 삼성전자(주)천안캠퍼스 (성성동)",충청남도 천안시 서북구 성성동 510 삼성전자(주)천안캠퍼스,"충청남도 천안시 서북구 번영로 465, 삼성전자(주)천안캠퍼스 (성성동)",36.8417769471557,127.118837229524
삼성디스플레이(주)(A1 3F 2번 반입구),,,,"충청남도 천안시 서북구 번영로 465, 삼성전자(주)천안캠퍼스 (성성동)",충청남도 천안시 서북구 성성동 510 삼성전자(주)천안캠퍼스,"충청남도 천안시 서북구 번영로 465, 삼성전자(주)천안캠퍼스 (성성동)",36.8417769471557,127.118837229524
삼성디스플레이(주)(A1 1F 연결통로),,,,"충청남도 천안시 서북구 번영로 465, 삼성전자(주)천안캠퍼스 (성성동)",충청남도 천안시 서북구 성성동 510 삼성전자(주)천안캠퍼스,"충청남도 천안시 서북구 번영로 465, 삼성전자(주)천안캠퍼스 (성성동)",36.8417769471557,127.118837229524
삼성디스플레이(주)(A1 2F 4번반입구),,,,"충청남도 천안시 서북구 번영로 465, 삼성전자(주)천안캠퍼스 (성성동)",충청남도 천안시 서북구 성성동 510 삼성전자(주)천안캠퍼스,"충청남도 천안시 서북구 번영로 465, 삼성전자(주)천안캠퍼스 (성성동)",36.8417769471557,127.118837229524
삼성디스플레이(주)(A1 2F 1번반입구),,,,"충청남도 천안시 서북구 번영로 465, 삼성전자(주)천안캠퍼스 (성성동)",충청남도 천안시 서북구 성성동 510 삼성전자(주)천안캠퍼스,"충청남도 천안시 서북구 번영로 465, 삼성전자(주)천안캠퍼스 (성성동)",36.8417769471557,127.118837229524
삼성디스플레이(주)(A1 3F 3번반입구),,,,"충청남도 천안시 서북구 번영로 465, 삼성전자(주)천안캠퍼스 (성성동)",충청남도 천안시 서북구 성성동 510 삼성전자(주)천안캠퍼스,"충청남도 천안시 서북구 번영로 465, 삼성전자(주)천안캠퍼스 (성성동)",36.8417769471557,127.118837229524
삼성디스플레이(주)(A1 1F 1번반입구),,,,"충청남도 천안시 서북구 번영로 465, 삼성전자(주)천안캠퍼스 (성성동)",충청남도 천안시 서북구 성성동 510 삼성전자(주)천안캠퍼스,"충청남도 천안시 서북구 번영로 465, 삼성전자(주)천안캠퍼스 (성성동)",36.8417769471557,127.118837229524
삼성디스플레이(주)(A1 4F 3번 반입구),,,,"충청남도 천안시 서북구 번영로 465, 삼성전자(주)천안캠퍼스 (성성동)",충청남도 천안시 서북구 성성동 510 삼성전자(주)천안캠퍼스,"충청남도 천안시 서북구 번영로 465, 삼성전자(주)천안캠퍼스 (성성동)",36.8417769471557,127.118837229524
삼성디스플레이(주)(GCS동 1F 사무실),,,,"충청남도 천안시 서북구 번영로 465, 삼성전자(주)천안캠퍼스 (성성동)",충청남도 천안시 서북구 성성동 510 삼성전자(주)천안캠퍼스,"충청남도 천안시 서북구 번영로 465, 삼성전자(주)천안캠퍼스 (성성동)",36.8417769471557,127.118837229524
삼성디스플레이(주)(A1 2F 로비),,,,"충청남도 천안시 서북구 번영로 465, 삼성전자(주)천안캠퍼스 (성성동)",충청남도 천안시 서북구 성성동 510 삼성전자(주)천안캠퍼스,"충청남도 천안시 서북구 번영로 465, 삼성전자(주)천안캠퍼스 (성성동)",36.8417769471557,127.118837229524
삼성디스플레이(주)(A1 2F 스막),,,,"충청남도 천안시 서북구 번영로 465, 삼성전자(주)천안캠퍼스 (성성동)",충청남도 천안시 서북구 성성동 510 삼성전자(주)천안캠퍼스,"충청남도 천안시 서북구 번영로 465, 삼성전자(주)천안캠퍼스 (성성동)",36.8417769471557,127.118837229524
삼성디스플레이(주)(A1 2F 3번반입구),,,,"충청남도 천안시 서북구 번영로 465, 삼성전자(주)천안캠퍼스 (성성동)",충청남도 천안시 서북구 성성동 510 삼성전자(주)천안캠퍼스,"충청남도 천안시 서북구 번영로 465, 삼성전자(주)천안캠퍼스 (성성동)",36.8417769471557,127.118837229524
삼성디스플레이(주)(A1 3F 4번반입구),,,,"충청남도 천안시 서북구 번영로 465, 삼성전자(주)천안캠퍼스 (성성동)",충청남도 천안시 서북구 성성동 510 삼성전자(주)천안캠퍼스,"충청남도 천안시 서북구 번영로 465, 삼성전자(주)천안캠퍼스 (성성동)",36.8417769471557,127.118837229524
삼성디스플레이(주)(A1 1F 3번반입구),,,,"충청남도 천안시 서북구 번영로 465, 삼성전자(주)천안캠퍼스 (성성동)",충청남도 천안시 서북구 성성동 510 삼성전자(주)천안캠퍼스,"충청남도 천안시 서북구 번영로 465, 삼성전자(주)천안캠퍼스 (성성동)",36.8417769471557,127.118837229524
삼성디스플레이(주)(A1 RF 3번 반입구),,,,"충청남도 천안시 서북구 번영로 465, 삼성전자(주)천안캠퍼스 (성성동)",충청남도 천안시 서북구 성성동 510 삼성전자(주)천안캠퍼스,"충청남도 천안시 서북구 번영로 465, 삼성전자(주)천안캠퍼스 (성성동)",36.8417769471557,127.118837229524
삼성디스플레이(주)(A1 RF 2번 반입구),,,,"충청남도 천안시 서북구 번영로 465, 삼성전자(주)천안캠퍼스 (성성동)",충청남도 천안시 서북구 성성동 510 삼성전자(주)천안캠퍼스,"충청남도 천안시 서북구 번영로 465, 삼성전자(주)천안캠퍼스 (성성동)",36.8417769471557,127.118837229524
삼성디스플레이(주)(가스트레일러 1F 사무실),,,,"충청남도 천안시 서북구 번영로 465, 삼성전자(주)천안캠퍼스 (성성동)",충청남도 천안시 서북구 성성동 510 삼성전자(주)천안캠퍼스,"충청남도 천안시 서북구 번영로 465, 삼성전자(주)천안캠퍼스 (성성동)",36.8417769471557,127.118837229524
삼성디스플레이(주)(A1 1F 2번반입구),,,,"충청남도 천안시 서북구 번영로 465, 삼성전자(주)천안캠퍼스 (성성동)",충청남도 천안시 서북구 성성동 510 삼성전자(주)천안캠퍼스,"충청남도 천안시 서북구 번영로 465, 삼성전자(주)천안캠퍼스 (성성동)",36.8417769471557,127.118837229524
삼성디스플레이(주)(A1 RF 4번 반입구),,,,"충청남도 천안시 서북구 번영로 465, 삼성전자(주)천안캠퍼스 (성성동)",충청남도 천안시 서북구 성성동 510 삼성전자(주)천안캠퍼스,"충청남도 천안시 서북구 번영로 465, 삼성전자(주)천안캠퍼스 (성성동)",36.8417769471557,127.118837229524
삼성디스플레이(주)(A1 B1F 공동구 입구),,,,"충청남도 천안시 서북구 번영로 465, 삼성전자(주)천안캠퍼스 (성성동)",충청남도 천안시 서북구 성성동 510 삼성전자(주)천안캠퍼스,"충청남도 천안시 서북구 번영로 465, 삼성전자(주)천안캠퍼스 (성성동)",36.8417769471557,127.118837229524
삼성디스플레이(주)(A1 5F E/V 앞),,,,"충청남도 천안시 서북구 번영로 465, 삼성전자(주)천안캠퍼스 (성성동)",충청남도 천안시 서북구 성성동 510 삼성전자(주)천안캠퍼스,"충청남도 천안시 서북구 번영로 465, 삼성전자(주)천안캠퍼스 (성성동)",36.8417769471557,127.118837229524
삼성디스플레이(주)(A1 B1F D반입구),,,,"충청남도 천안시 서북구 번영로 465, 삼성전자(주)천안캠퍼스 (성성동)",충청남도 천안시 서북구 성성동 510 삼성전자(주)천안캠퍼스,"충청남도 천안시 서북구 번영로 465, 삼성전자(주)천안캠퍼스 (성성동)",36.8417769471557,127.118837229524
삼성디스플레이(주)(A1 RF 1번 반입구),,,,"충청남도 천안시 서북구 번영로 465, 삼성전자(주)천안캠퍼스 (성성동)",충청남도 천안시 서북구 성성동 510 삼성전자(주)천안캠퍼스,"충청남도 천안시 서북구 번영로 465, 삼성전자(주)천안캠퍼스 (성성동)",36.8417769471557,127.118837229524
삼성디스플레이(주)(A1 5F 스막),,,,"충청남도 천안시 서북구 번영로 465, 삼성전자(주)천안캠퍼스 (성성동)",충청남도 천안시 서북구 성성동 510 삼성전자(주)천안캠퍼스,"충청남도 천안시 서북구 번영로 465, 삼성전자(주)천안캠퍼스 (성성동)",36.8417769471557,127.118837229524
삼성디스플레이(주)(A1 B1F C반입구),,,,"충청남도 천안시 서북구 번영로 465, 삼성전자(주)천안캠퍼스 (성성동)",충청남도 천안시 서북구 성성동 510 삼성전자(주)천안캠퍼스,"충청남도 천안시 서북구 번영로 465, 삼성전자(주)천안캠퍼스 (성성동)",36.8417769471557,127.118837229524
삼성디스플레이(주)(A1 3F 스막),,,,"충청남도 천안시 서북구 번영로 465, 삼성전자(주)천안캠퍼스 (성성동)",충청남도 천안시 서북구 성성동 510 삼성전자(주)천안캠퍼스,"충청남도 천안시 서북구 번영로 465, 삼성전자(주)천안캠퍼스 (성성동)",36.8417769471557,127.118837229524
삼성디스플레이(주)(A1 3F 대여),,,,"충청남도 천안시 서북구 번영로 465, 삼성전자(주)천안캠퍼스 (성성동)",충청남도 천안시 서북구 성성동 510 삼성전자(주)천안캠퍼스,"충청남도 천안시 서북구 번영로 465, 삼성전자(주)천안캠퍼스 (성성동)",36.8417769471557,127.118837229524
삼성디스플레이(주)(A1 5F 2번반입구),,,,"충청남도 천안시 서북구 번영로 465, 삼성전자(주)천안캠퍼스 (성성동)",충청남도 천안시 서북구 성성동 510 삼성전자(주)천안캠퍼스,"충청남도 천안시 서북구 번영로 465, 삼성전자(주)천안캠퍼스 (성성동)",36.8417769471557,127.118837229524
삼성디스플레이(주)(A1 4F 4번반입구),,,,"충청남도 천안시 서북구 번영로 465, 삼성전자(주)천안캠퍼스 (성성동)",충청남도 천안시 서북구 성성동 510 삼성전자(주)천안캠퍼스,"충청남도 천안시 서북구 번영로 465, 삼성전자(주)천안캠퍼스 (성성동)",36.8417769471557,127.118837229524
삼성디스플레이(주)(A1 4F 1번반입구),,,,"충청남도 천안시 서북구 번영로 465, 삼성전자(주)천안캠퍼스 (성성동)",충청남도 천안시 서북구 성성동 510 삼성전자(주)천안캠퍼스,"충청남도 천안시 서북구 번영로 465, 삼성전자(주)천안캠퍼스 (성성동)",36.8417769471557,127.118837229524
삼성디스플레이(주)(A1 3F 로비),,,,"충청남도 천안시 서북구 번영로 465, 삼성전자(주)천안캠퍼스 (성성동)",충청남도 천안시 서북구 성성동 510 삼성전자(주)천안캠퍼스,"충청남도 천안시 서북구 번영로 465, 삼성전자(주)천안캠퍼스 (성성동)",36.8417769471557,127.118837229524
삼성디스플레이(주)(A1 5F 운영 CCR),,,,"충청남도 천안시 서북구 번영로 465, 삼성전자(주)천안캠퍼스 (성성동)",충청남도 천안시 서북구 성성동 510 삼성전자(주)천안캠퍼스,"충청남도 천안시 서북구 번영로 465, 삼성전자(주)천안캠퍼스 (성성동)",36.8417769471557,127.118837229524
삼성디스플레이(주)(A1 4F 2번반입구),,,,"충청남도 천안시 서북구 번영로 465, 삼성전자(주)천안캠퍼스 (성성동)",충청남도 천안시 서북구 성성동 510 삼성전자(주)천안캠퍼스,"충청남도 천안시 서북구 번영로 465, 삼성전자(주)천안캠퍼스 (성성동)",36.8417769471557,127.118837229524
삼성디스플레이(주)(A1 1F 로비),,,,"충청남도 천안시 서북구 번영로 465, 삼성전자(주)천안캠퍼스 (성성동)",충청남도 천안시 서북구 성성동 510 삼성전자(주)천안캠퍼스,"충청남도 천안시 서북구 번영로 465, 삼성전자(주)천안캠퍼스 (성성동)",36.8417769471557,127.118837229524
삼성물산천안C라인마감공사현장(사외화 휴게실 출입문),,,,"충청남도 천안시 서북구 3공단5로 78, 삼성OK주유소 (성성동)",충청남도 천안시 서북구 성성동 512-1 삼성OK주유소,"충청남도 천안시 서북구 3공단5로 78, 삼성OK주유소 (성성동)",36.838484377824,127.117949956917
삼성물산천안C라인마감공사현장(외부캠프 2F 출입문),,,,"충청남도 천안시 서북구 3공단5로 78, 삼성OK주유소 (성성동)",충청남도 천안시 서북구 성성동 512-1 삼성OK주유소,"충청남도 천안시 서북구 3공단5로 78, 삼성OK주유소 (성성동)",36.838484377824,127.117949956917
삼성엔지니어링천안전자16건설공사(1층 로비),,,,"충청남도 천안시 서북구 백석공단1로 111, 노루비케미칼(주) 2층 (백석동)",충청남도 천안시 서북구 백석동 527-6 노루비케미칼(주),"충청남도 천안시 서북구 백석공단1로 111, 노루비케미칼(주) 2층 (백석동)",36.8319725281765,127.105177872695
삼환나우빌(관리사무소),,,,충청남도 천안시 서북구 성거읍 봉주로 120 (삼환나우빌아파트),충청남도 천안시 서북구 성거읍 신월리 2-26 삼환나우빌아파트,충청남도 천안시 서북구 성거읍 봉주로 120 (삼환나우빌아파트),36.8767841142743,127.159047948539
성거벽산아파트(관리동 1층 복도),,,,충청남도 천안시 서북구 성거읍 봉주로 107-6,충청남도 천안시 서북구 성거읍 신월리 3-3 성거벽산아파트,충청남도 천안시 서북구 성거읍 봉주로 107-6,36.878686444721,127.157477969394
성성비스타동원아파트(정문경비실),,,,충청남도 천안시 서북구 성성6로 129 (성성동),충청남도 천안시 서북구 성성동 734,충청남도 천안시 서북구 성성6로 129 (성성동),36.8432957676503,127.134478400503
성정건강생활지원센터(민원대기실),,,,"충청남도 천안시 서북구 서부8길 29, 성정2동 행정복지센터 (성정동)",충청남도 천안시 서북구 성정동 684번지 1호 성정2동 행정복지센터,"충청남도 천안시 서북구 서부8길 29, 성정2동 행정복지센터 (성정동)",36.8197754975339,127.139883466987
성정현대(관리사무소 입구),,,,"충청남도 천안시 서북구 쌍용대로 303 (성정동, 현대아파트)",충청남도 천안시 서북구 성정동 434 현대아파트,"충청남도 천안시 서북구 쌍용대로 303 (성정동, 현대아파트)",36.8253230172821,127.136371396505
성환1차부영아파트(관리사무소 1층 관리사무실 내),,,,충청남도 천안시 서북구 성환읍 천안대로 1843,충청남도 천안시 서북구 성환읍 매주리 45-1 부영아파트,충청남도 천안시 서북구 성환읍 천안대로 1843,36.9028130783493,127.13539522797
성환e편한세상아파트(정문경비실내),,,,충청남도 천안시 서북구 성환읍 성환1로 54-45,충청남도 천안시 서북구 성환읍 매주리 182-10 천안성환e편한세상아파트,충청남도 천안시 서북구 성환읍 성환1로 54-45,36.9011471466421,127.132261241219
성환보건지소(보건지소 1층),,,,"충청남도 천안시 서북구 성환읍 성환13길 7, 성환읍사무소",충청남도 천안시 서북구 성환읍 성환리 274-1 성환읍사무소,"충청남도 천안시 서북구 성환읍 성환13길 7, 성환읍사무소",36.9181620739067,127.134276320035
성환수향보건진료소(진료소 내 입구),,,,"충청남도 천안시 서북구 성환읍 지족향길 55, 성환수향보건진료소",충청남도 천안시 서북구 성환읍 수향리 274-4 성환수향보건진료소,"충청남도 천안시 서북구 성환읍 지족향길 55, 성환수향보건진료소",36.9500538416137,127.14539897463
성환신가보건진료소(진료소 내 입구),,,,"충청남도 천안시 서북구 성환읍 가동길 14-4, 성환신가보건진료소",충청남도 천안시 서북구 성환읍 신가리 371-62 성환신가보건진료소,"충청남도 천안시 서북구 성환읍 가동길 14-4, 성환신가보건진료소",36.9523772480031,127.114761701752
성환역(2층 발매기 옆),,,,"충청남도 천안시 서북구 성환읍 성환1로 237-5, 성환역",충청남도 천안시 서북구 성환읍 성환리 449-128 성환역,"충청남도 천안시 서북구 성환읍 성환1로 237-5, 성환역",36.9158091980816,127.127933272547
스테코(주)(기숙사),,,,"충청남도 천안시 서북구 3공단1로 20, 스테코(주) (백석동)",충청남도 천안시 서북구 백석동 741 스테코(주),"충청남도 천안시 서북구 3공단1로 20, 스테코(주) (백석동)",36.8338193803465,127.111279607152
스테코(주)(A동 2층 현장),,,,"충청남도 천안시 서북구 3공단1로 20, 스테코(주) (백석동)",충청남도 천안시 서북구 백석동 741 스테코(주),"충청남도 천안시 서북구 3공단1로 20, 스테코(주) (백석동)",36.8338193803465,127.111279607152
스테코(주)(B동 2층 휴게실),,,,"충청남도 천안시 서북구 3공단1로 20, 스테코(주) (백석동)",충청남도 천안시 서북구 백석동 741 스테코(주),"충청남도 천안시 서북구 3공단1로 20, 스테코(주) (백석동)",36.8338193803465,127.111279607152
스테코(주)(A동 1층 복도),,,,"충청남도 천안시 서북구 3공단1로 20, 스테코(주) (백석동)",충청남도 천안시 서북구 백석동 741 스테코(주),"충청남도 천안시 서북구 3공단1로 20, 스테코(주) (백석동)",36.8338193803465,127.111279607152
스테코(주)(A동 1층 현장),,,,"충청남도 천안시 서북구 3공단1로 20, 스테코(주) (백석동)",충청남도 천안시 서북구 백석동 741 스테코(주),"충청남도 천안시 서북구 3공단1로 20, 스테코(주) (백석동)",36.8338193803465,127.111279607152
스테코(주)(B동 2층 현장),,,,"충청남도 천안시 서북구 3공단1로 20, 스테코(주) (백석동)",충청남도 천안시 서북구 백석동 741 스테코(주),"충청남도 천안시 서북구 3공단1로 20, 스테코(주) (백석동)",36.8338193803465,127.111279607152
신당고등학교(3층 홈베이스),,,,"충청남도 천안시 서북구 신당새터2길 36, 천안신당고등학교 (신당동)",충청남도 천안시 서북구 신당동 286-2 천안신당고등학교,"충청남도 천안시 서북구 신당새터2길 36, 천안신당고등학교 (신당동)",36.8514835223462,127.159711451013
신당고등학교(본교1층),,,,"충청남도 천안시 서북구 신당새터2길 36, 천안신당고등학교 (신당동)",충청남도 천안시 서북구 신당동 286-2 천안신당고등학교,"충청남도 천안시 서북구 신당새터2길 36, 천안신당고등학교 (신당동)",36.8514835223462,127.159711451013
신동아파밀리에(관리동1층),,,,충청남도 천안시 서북구 천안천4길 18-10,충청남도 천안시 서북구 와촌동  173 신동아파밀리에아파트,충청남도 천안시 서북구 천안천4길 18-10,36.8080655060112,127.143942849102
신세계푸드(건물 입구),,,,"충청남도 천안시 서북구 2공단3로 101, 조선호텔베이커리 (업성동)",충청남도 천안시 서북구 업성동 623-2 조선호텔베이커리,"충청남도 천안시 서북구 2공단3로 101, 조선호텔베이커리 (업성동)",36.859627282804,127.1236998443
쌍용동일하이빌(아파트 정문 경비실 옆),,,,"충청남도 천안시 서북구 충무로 5-16(쌍용동, 쌍용동일하이빌아파트)",충청남도 천안시 서북구 쌍용동 2077 쌍용동일하이빌아파트,"충청남도 천안시 서북구 충무로 5-16(쌍용동, 쌍용동일하이빌아파트)",36.7857573934593,127.113828914647
쌍용마을뜨란채(관리동 2층),,,,"충청남도 천안시 서북구 봉서산샛길 64 (쌍용동, 쌍용마을뜨란채아파트)",충청남도 천안시 서북구 쌍용동 1920 쌍용마을뜨란채아파트,"충청남도 천안시 서북구 봉서산샛길 64 (쌍용동, 쌍용마을뜨란채아파트)",36.8063629467517,127.118276860878
쌍용마을뜨란채아파트(천안쌍용5-2관리실앞),,,,"충청남도 천안시 서북구 봉서산샛길 64 천안쌍용5-2관리사무소 (쌍용동, 쌍용마을뜨란채아파트)",충청남도 천안시 서북구 쌍용동 1920 쌍용마을뜨란채아파트 천안쌍용5-2관리사무소,"충청남도 천안시 서북구 봉서산샛길 64 천안쌍용5-2관리사무소 (쌍용동, 쌍용마을뜨란채아파트)",36.8063629467517,127.118276860878
쌍용역(1층 맞이방 내(1번출입구 출입문 옆)),,,,"충청남도 천안시 서북구 쌍용19로 20, 쌍용역 (쌍용동)",충청남도 천안시 서북구 쌍용동 426-3 쌍용역,"충청남도 천안시 서북구 쌍용19로 20, 쌍용역 (쌍용동)",36.793724274634,127.1213503702
쌍용자이아파트(경비실),,,,"충청남도 천안시 서북구 월봉1길 15(쌍용동, 쌍용자이아파트)",충청남도 천안시 서북구 쌍용동 2075 쌍용자이아파트,"충청남도 천안시 서북구 월봉1길 15(쌍용동, 쌍용자이아파트)",36.7880387882331,127.116391046014
쌍용자이아파트(관리사무소 앞),,,,"충청남도 천안시 서북구 월봉1길 15(쌍용동, 쌍용자이아파트)",충청남도 천안시 서북구 쌍용동 2075 쌍용자이아파트,"충청남도 천안시 서북구 월봉1길 15(쌍용동, 쌍용자이아파트)",36.7880387882331,127.116391046014
에드워드코리아(1층 창고),,,,"충청남도 천안시 서북구 3공단6로 80, 에드워드코리아 (차암동)",충청남도 천안시 서북구 차암동 428 에드워드코리아,"충청남도 천안시 서북구 3공단6로 80, 에드워드코리아 (차암동)",36.8414553726682,127.106441135164
에스에프에이반도체(4라인 1층 로비),,,,충청남도 천안시 서북구 백석공단7로 16(백석동),충청남도 천안시 서북구 백석동 555-9,충청남도 천안시 서북구 백석공단7로 16(백석동),36.8305382525729,127.107874071737
에스에프에이반도체(보안실 1층),,,,충청남도 천안시 서북구 백석공단7로 16(백석동),충청남도 천안시 서북구 백석동 555-9,충청남도 천안시 서북구 백석공단7로 16(백석동),36.8305382525729,127.107874071737
에스엘주식회사천안공장(A동 1층 중앙출입구 우측),,,,"충청남도 천안시 서북구 성거읍 성거길 250, (주)에스엘서봉",충청남도 천안시 서북구 성거읍 오목리 50-8 (주)에스엘서봉,"충청남도 천안시 서북구 성거읍 성거길 250, (주)에스엘서봉",36.8871108722807,127.207445564411
에스엘주식회사천안공장(B동 2층 현장 출입구 우측),,,,"충청남도 천안시 서북구 성거읍 성거길 250, (주)에스엘서봉",충청남도 천안시 서북구 성거읍 오목리 50-8 (주)에스엘서봉,"충청남도 천안시 서북구 성거읍 성거길 250, (주)에스엘서봉",36.8871108722807,127.207445564411
엠이엠씨코리아(주)(생산동입구(건강관리실옆)),,,,"충청남도 천안시 서북구 성거읍 망향로 854, 엠이엠씨코리아",충청남도 천안시 서북구 성거읍 오목리 27 엠이엠씨코리아,"충청남도 천안시 서북구 성거읍 망향로 854, 엠이엠씨코리아",36.8903273844452,127.213475053687
용암마을아파트(관리동 지하1층 현관),,,,충청남도 천안시 서북구 월봉로 131,충청남도 천안시 서북구 쌍용동  1923 용암마을아파트,충청남도 천안시 서북구 월봉로 131,36.8025431450338,127.117812566783
우남두정마을아파트(우남두정마을아파트관리사무소),,,,충청남도 천안시 서북구 두정역서5길 11,충청남도 천안시 서북구 두정동 1596 우남아파트,충청남도 천안시 서북구 두정역서5길 11,36.8378413633013,127.147045137725
월봉벽산태영아파트(관리사무소1층현관입구),,,,충청남도 천안시 서북구 월봉4로 140-14,충청남도 천안시 서북구 쌍용동  1538 월봉벽산태영아파트,충청남도 천안시 서북구 월봉4로 140-14,36.798869821973,127.115916651872
월봉일성아파트(제2경비초소),,,,"충청남도 천안시 서북구 월봉4로 120-16 (쌍용동, 월봉일성아파트)",충청남도 천안시 서북구 쌍용동 1547 월봉일성아파트,"충청남도 천안시 서북구 월봉4로 120-16 (쌍용동, 월봉일성아파트)",36.7962254199454,127.117474818949
월봉청솔1차아파트(관리사무소내부),,,,"충청남도 천안시 서북구 월봉4로 140-9 (쌍용동, 월봉청솔1단지아파트)",충청남도 천안시 서북구 쌍용동 1367 월봉청솔1단지아파트,"충청남도 천안시 서북구 월봉4로 140-9 (쌍용동, 월봉청솔1단지아파트)",36.8006346769169,127.117085557871
유한책임회사하이모관리본부(중앙건문복도),,,,"충청남도 천안시 서북구 성거읍 석문길 32, 하이모 중앙연구소",충청남도 천안시 서북구 성거읍 요방리 250-1,"충청남도 천안시 서북구 성거읍 석문길 32, 하이모 중앙연구소",36.8512184134332,127.179423987386
이마트 천안서북점(2층 상행무빙워크 옆 기둥),,,,"충청남도 천안시 서북구 삼성대로 20, e마트 (백석동)",충청남도 천안시 서북구 백석동 1047 e마트,"충청남도 천안시 서북구 삼성대로 20, e마트 (백석동)",36.8385687913558,127.12233923432
이마트 천안점(1층 고객센터),,,,"충청남도 천안시 서북구 충무로 187, E 마트 (쌍용동)",충청남도 천안시 서북구 쌍용동 191 E 마트,"충청남도 천안시 서북구 충무로 187, E 마트 (쌍용동)",36.7959246450724,127.127099784501
이마트천안서북점(지하1층 무인민원발급기 옆 기둥),,,,"충청남도 천안시 서북구 삼성대로 20, 이마트 (백석동)",충청남도 천안시 서북구 백석동 1047 e마트,"충청남도 천안시 서북구 삼성대로 20, 이마트 (백석동)",36.8385687913558,127.12233923432
이편한세상천안부성아파트(관리사무소내),,,,"충청남도 천안시 서북구 천안대로 1287-1  (신당동, e편한세상 천안부성)",충청남도 천안시 서북구 신당동 705 e편한세상 천안부성,"충청남도 천안시 서북구 천안대로 1287-1  (신당동, e편한세상 천안부성)",36.8559135145158,127.151106350082
일성1차아파트(103동 앞 103동 경비실외부),,,,충청남도 천안시 서북구 봉서7길 13,충청남도 천안시 서북구 쌍용동  848 일성아파트,충청남도 천안시 서북구 봉서7길 13,36.8085346526222,127.129991041274
입장가산보건진료소(보건진료소 1층),,,,"충청남도 천안시 서북구 입장면 톨미길 17, 의무과입장가산보건진료소",충청남도 천안시 서북구 입장면 가산리 346-3 의무과입장가산보건진료소,"충청남도 천안시 서북구 입장면 톨미길 17, 의무과입장가산보건진료소",36.937498929607,127.193924709005
입장거봉포도(서울)휴게소(편의점 앞),,,,"충청남도 천안시 서북구 입장면 연곡길 407, 입장휴게소",충청남도 천안시 서북구 입장면 가산리 362번지 1호 입장휴게소,"충청남도 천안시 서북구 입장면 연곡길 407, 입장휴게소",36.943068193002,127.193601702658
입장거봉포도(서울)휴게소(안내소 앞),,,,"충청남도 천안시 서북구 입장면 연곡길 407, 입장휴게소",충청남도 천안시 서북구 입장면 가산리 362번지 1호 입장휴게소,"충청남도 천안시 서북구 입장면 연곡길 407, 입장휴게소",36.943068193002,127.193601702658
입장기로보건진료소(진료보건소1층),,,,"충청남도 천안시 서북구 입장면 기로2길 6, 입장면 기로보건진료소",충청남도 천안시 서북구 입장면 기로리 354-49 입장면 기로보건진료소,"충청남도 천안시 서북구 입장면 기로2길 6, 입장면 기로보건진료소",36.9093336518727,127.243115361269
제이에스물산(주)망향휴게소(종합안내소),,,,"충청남도 천안시 서북구 성거읍 돌다리길 23-37, 망향휴게소",충청남도 천안시 서북구 성거읍 요방리 121번지 망향휴게소,"충청남도 천안시 서북구 성거읍 돌다리길 23-37, 망향휴게소",36.8576826810428,127.183365202736
제이에스물산(주)망향휴게소(미도어묵 옆),,,,"충청남도 천안시 서북구 성거읍 돌다리길 23-37, 망향휴게소",충청남도 천안시 서북구 성거읍 요방리 121번지 망향휴게소,"충청남도 천안시 서북구 성거읍 돌다리길 23-37, 망향휴게소",36.8576826810428,127.183365202736
종근당천안공장(생산동 통로),,,,"충청남도 천안시 서북구 성거읍 망향로 797-48, 종근당천안공장",충청남도 천안시 서북구 성거읍 오색당리 15-20 종근당천안공장,"충청남도 천안시 서북구 성거읍 망향로 797-48, 종근당천안공장",36.8918950513805,127.203968515577
종근당천안공장(품질동 1층),,,,"충청남도 천안시 서북구 성거읍 망향로 797-48, 종근당천안공장",충청남도 천안시 서북구 성거읍 오색당리 15-20 종근당천안공장,"충청남도 천안시 서북구 성거읍 망향로 797-48, 종근당천안공장",36.8918950513805,127.203968515577
종근당천안공장(경비실),,,,"충청남도 천안시 서북구 성거읍 망향로 797-48, 종근당천안공장",충청남도 천안시 서북구 성거읍 오색당리 15-20 종근당천안공장,"충청남도 천안시 서북구 성거읍 망향로 797-48, 종근당천안공장",36.8918950513805,127.203968515577
종합운동장국민체육센터(국민체육센터 1층 입구),,,,"충청남도 천안시 서북구 번영로 208, 종합운동장 (백석동)",충청남도 천안시 서북구 백석동 251 종합운동장,"충청남도 천안시 서북구 번영로 208, 종합운동장 (백석동)",36.8191007470086,127.113305208572
종합운동장배드민턴장(유관순체육관 배드민턴장 입구),,,,"충청남도 천안시 서북구 번영로 208, 종합운동장 (백석동)",충청남도 천안시 서북구 백석동 251 종합운동장,"충청남도 천안시 서북구 번영로 208, 종합운동장 (백석동)",36.8191007470086,127.113305208572
종합운동장볼링장(볼링장),,,,"충청남도 천안시 서북구 번영로 208, 종합운동장 (백석동)",충청남도 천안시 서북구 백석동 251 종합운동장,"충청남도 천안시 서북구 번영로 208, 종합운동장 (백석동)",36.8191007470086,127.113305208572
종합운동장시민체육공원(시민체육공원),,,,"충청남도 천안시 서북구 번영로 208, 종합운동장 (백석동)",충청남도 천안시 서북구 백석동 251 종합운동장,"충청남도 천안시 서북구 번영로 208, 종합운동장 (백석동)",36.8191007470086,127.113305208572
종합운동장실내테니스장(실내테니스장 입구),,,,"충청남도 천안시 서북구 번영로 208, 종합운동장 (백석동)",충청남도 천안시 서북구 백석동 251 종합운동장,"충청남도 천안시 서북구 번영로 208, 종합운동장 (백석동)",36.8191007470086,127.113305208572
종합운동장실외테니스장(실외테니스장 사무실),,,,"충청남도 천안시 서북구 번영로 208, 종합운동장 (백석동)",충청남도 천안시 서북구 백석동 251 종합운동장,"충청남도 천안시 서북구 번영로 208, 종합운동장 (백석동)",36.8191007470086,127.113305208572
종합운동장체력인증센터(체력인증센터),,,,"충청남도 천안시 서북구 번영로 208, 종합운동장 (백석동)",충청남도 천안시 서북구 백석동 251 종합운동장,"충청남도 천안시 서북구 번영로 208, 종합운동장 (백석동)",36.8191007470086,127.113305208572
주공5단지2차아파트(관리사무실),,,,"충청남도 천안시 서북구 성정로 75  (성정동, 주공5단지아파트)",충청남도 천안시 서북구 성정동 717 주공5단지아파트,"충청남도 천안시 서북구 성정로 75  (성정동, 주공5단지아파트)",36.814419509112,127.139400997364
주공6단지1차아파트(정문경비실 107동108동사이),,,,충청남도 천안시 서북구 서부대로 648-13,충청남도 천안시 서북구 서부대로 648-13,충청남도 천안시 서북구 서부대로 648-13,36.8252339668577,127.134650228341
주공6단지3차(관리사무소 건물 노인정 출입구 왼쪽 벽면),,,,충청남도 천안시 서북구 쌍용대로 289-11,충청남도 천안시 서북구 쌍용대로 289-11,충청남도 천안시 서북구 쌍용대로 289-11,36.8235644111964,127.132952558564
주공7단지2차(관리사무실),,,,"충청남도 천안시 서북구 쌍용11길 55 (쌍용동, 주공7단지2차아파트)",충청남도 천안시 서북구 쌍용동 1282 주공7단지2차아파트,"충청남도 천안시 서북구 쌍용11길 55 (쌍용동, 주공7단지2차아파트)",36.8021749577135,127.124527802291
주공9단지1차(아파트내 경비4초소),,,,충청남도 천안시 서북구 봉서산샛길 65,충청남도 천안시 서북구 쌍용동  1914 주공9단지아파트,충청남도 천안시 서북구 봉서산샛길 65,36.8062574180569,127.120972999972
주공그린빌1차아파트(관리사무소),,,,"충청남도 천안시 서북구 백석3로 69 (백석동, 주공그린빌11단지1차아파트)",충청남도 천안시 서북구 백석동 915 주공그린빌11단지1차아파트,"충청남도 천안시 서북구 백석3로 69 (백석동, 주공그린빌11단지1차아파트)",36.8226521322801,127.119269889947
지웰푸르지오(관리실1층입구),,,,충청남도 천안시 서북구 불당24로 38,충청남도 천안시 서북구 불당동  1498 지웰푸르지오,충청남도 천안시 서북구 불당24로 38,36.822060249026,127.105379283772
직산군서보건진료소(진료소 내 입구),,,,"충청남도 천안시 서북구 직산읍 군서4길 2, 직산군서보건진료소",충청남도 천안시 서북구 직산읍 군서리 96-17 직산군서보건진료소,"충청남도 천안시 서북구 직산읍 군서4길 2, 직산군서보건진료소",36.9006929614584,127.163361337683
직산대림아파트(정문경비실),,,,충청남도 천안시 서북구 직산읍 2공단5로 169 (대림아파트),충청남도 천안시 서북구 직산읍 모시리 242-5 대림아파트,충청남도 천안시 서북구 직산읍 2공단5로 169 (대림아파트),36.8615282643057,127.121325167373
직산동보아파트(관리사무소 실내 소장실 옆),,,,충청남도 천안시 서북구 직산읍 상덕로 32,충청남도 천안시 서북구 직산읍 모시리 253-38 동보아파트,충청남도 천안시 서북구 직산읍 상덕로 32,36.8700231348354,127.119367826784
직산부영아파트(관리동 1층),,,,충청남도 천안시 서북구 직산읍 천안대로 1718 (부영아파트),충청남도 천안시 서북구 직산읍 수헐리 16-1 부영아파트,충청남도 천안시 서북구 직산읍 천안대로 1718 (부영아파트),36.8941672547389,127.138579822439
직산역서희스타힐스(관리사무소),,,,충청남도 천안시 서북구 성거읍 천안대로 1446 (직산역서희스타힐스),충청남도 천안시 서북구 성거읍 신월리 471 직산역서희스타힐스,충청남도 천안시 서북구 성거읍 천안대로 1446 (직산역서희스타힐스),36.8696422821243,127.149162622119
직산우성8차아파트(관리사무소안),,,,충청남도 천안시 서북구 직산읍 자은가리1길 68 (우성아파트),충청남도 천안시 서북구 직산읍 모시리 206-13 우성아파트,충청남도 천안시 서북구 직산읍 자은가리1길 68 (우성아파트),36.8702017737732,127.128239068503
천안교도소(천안교도소민원실1),,,,충청남도 천안시 서북구 성거읍 천일고1길 127,충청남도 천안시 서북구 성거읍 신월리 151번지,충청남도 천안시 서북구 성거읍 천일고1길 127,,
천안교도소(천안교도소미결관구실1),,,,충청남도 천안시 서북구 성거읍 천일고1길 127,충청남도 천안시 서북구 성거읍 신월리 151번지,충청남도 천안시 서북구 성거읍 천일고1길 127,,
천안꽃마루유치원(1층 방재실 앞),,,,충청남도 천안시 서북구 성성6로 37 (성성동),충청남도 천안시 서북구 성성동 924,충청남도 천안시 서북구 성성6로 37 (성성동),36.8418889661896,127.124117254151
천안노태한화포레나2단지(관리사무소),,,,충청남도 천안시 서북구 한들2로 150 (백석동),충청남도 천안시 서북구 백석동 76-56,충청남도 천안시 서북구 한들2로 150 (백석동),36.8352824055606,127.12273746056
천안노태한화포레나2단지(후문경비실),,,,충청남도 천안시 서북구 한들2로 150 (백석동),충청남도 천안시 서북구 백석동 76-56,충청남도 천안시 서북구 한들2로 150 (백석동),36.8352824055606,127.12273746056
천안두정LH1단지아파트(방제실 옆),,,,"충청남도 천안시 서북구 오성1길 12-10(두정동, 천안두정엘에이치1단지)",충청남도 천안시 서북구 두정동 581 천안두정엘에이치1단지,"충청남도 천안시 서북구 오성1길 12-10(두정동, 천안두정엘에이치1단지)",36.8312798814248,127.129022989555
천안레이크타운2차푸르지오(레이크타운2차아파트후문경비실),,,,"충청남도 천안시 서북구 성성9로 14  (성성동, 천안레이크타운2차 푸르지오)",충청남도 천안시 서북구 성성동 697 천안레이크타운2차 푸르지오,"충청남도 천안시 서북구 성성9로 14  (성성동, 천안레이크타운2차 푸르지오)",36.8412081869034,127.132057161454
천안레이크타운3차푸르지오아파트(경비1초소 내),,,,"충청남도 천안시 서북구 성성6로 68 (성성동, 천안레이크타운3차푸르지오)",충청남도 천안시 서북구 성성동 969 천안레이크타운3차푸르지오,"충청남도 천안시 서북구 성성6로 68 (성성동, 천안레이크타운3차푸르지오)",36.8411749200714,127.126350716388
천안레이크타운3차푸르지오아파트(관리사무소 앞),,,,"충청남도 천안시 서북구 성성6로 68 (성성동, 천안레이크타운3차푸르지오)",충청남도 천안시 서북구 성성동 969 천안레이크타운3차푸르지오,"충청남도 천안시 서북구 성성6로 68 (성성동, 천안레이크타운3차푸르지오)",36.8411749200714,127.126350716388
천안백석LH천년나무1단지(정문경비실),,,,"충청남도 천안시 서북구 한들1로 88  (백석동, 천안백석행복주택)","충청남도 천안시 서북구 한들1로 88  (백석동, 천안백석행복주택)","충청남도 천안시 서북구 한들1로 88  (백석동, 천안백석행복주택)",36.8302762841346,127.118131281599
천안백석LH천년나무1단지(관리동출입구앞),,,,"충청남도 천안시 서북구 한들1로 88  (백석동, 천안백석행복주택)",충청남도 천안시 서북구 백석동 1115 천안백석행복주택,"충청남도 천안시 서북구 한들1로 88  (백석동, 천안백석행복주택)",36.8302762841346,127.118131281599
천안백석주공11단지3차아파트(1초소경비실),,,,"충청남도 천안시 서북구 백석3로 70 (백석동, 주공그린빌11단지3차아파트)",충청남도 천안시 서북구 백석동 910 주공그린빌11단지3차아파트,"충청남도 천안시 서북구 백석3로 70 (백석동, 주공그린빌11단지3차아파트)",36.8203207856687,127.11971571933
천안백석주공11단지3차아파트(4초소경비실),,,,"충청남도 천안시 서북구 백석3로 70 (백석동, 주공그린빌11단지3차아파트)",충청남도 천안시 서북구 백석동 910 주공그린빌11단지3차아파트,"충청남도 천안시 서북구 백석3로 70 (백석동, 주공그린빌11단지3차아파트)",36.8203207856687,127.11971571933
천안백석주공11단지3차아파트(관리동 1층),,,,"충청남도 천안시 서북구 백석3로 70(백석동, 주공그린빌11단지3차아파트)",충청남도 천안시 서북구 백석동 910 주공그린빌11단지3차아파트,"충청남도 천안시 서북구 백석3로 70(백석동, 주공그린빌11단지3차아파트)",36.8203207856687,127.11971571933
천안버들유치원(1층 행정실 옆),,,,"충청남도 천안시 서북구 불당23로 41, 천안버들유치원 (불당동)",충청남도 천안시 서북구 불당동 1500 천안버들유치원,"충청남도 천안시 서북구 불당23로 41, 천안버들유치원 (불당동)",36.8190849309457,127.10552102043
천안부성LH행복주택1단지(정문 경비실),,,,충청남도 천안시 서북구 부성18로 71(부대동),충청남도 천안시 서북구 부대동 762,충청남도 천안시 서북구 부성18로 71(부대동),36.8468583264745,127.153142908436
천안부성LH행복주택1단지(관리사무소 앞),,,,충청남도 천안시 서북구 부성18로 71(부대동),충청남도 천안시 서북구 부대동 762,충청남도 천안시 서북구 부성18로 71(부대동),36.8468583264745,127.153142908436
천안불당대동다숲아파트(관리동 1층 입구),,,,"충청남도 천안시 서북구 시청로 39 (불당동, 대동다숲아파트)",충청남도 천안시 서북구 불당동 820 대동다숲아파트,"충청남도 천안시 서북구 시청로 39 (불당동, 대동다숲아파트)",36.8063869921013,127.111385466306
천안불당중학교(본관 4층 중앙통로),,,,"충청남도 천안시 서북구 불당11로 35, 불당중학교 (불당동)",충청남도 천안시 서북구 불당동 830 불당중학교,"충청남도 천안시 서북구 불당11로 35, 불당중학교 (불당동)",36.8045554271486,127.109895683888
천안불무중학교(학교현관입구),,,,충청남도 천안시 서북구 불당23로 30  (불당동),충청남도 천안시 서북구 불당동 1513 천안불무중학교,충청남도 천안시 서북구 불당23로 30  (불당동),36.8179455266617,127.104136860591
천안시서북구치매안심센터(서북구 치매안심센터 쉼터입구),,,,"충청남도 천안시 서북구 서부8길 29, 성정2동 행정복지센터 1층 (성정동)",충청남도 천안시 서북구 성정동 684-1 성정2동 행정복지센터,"충청남도 천안시 서북구 서부8길 29, 성정2동 행정복지센터 1층 (성정동)",36.8197754975339,127.139883466987
천안시성거보건지소(보건지소 1층),,,,"충청남도 천안시 서북구 성거읍 봉주로 469-1, 성거읍보건지소",충청남도 천안시 서북구 성거읍 저리 57-26 성거읍보건지소,"충청남도 천안시 서북구 성거읍 봉주로 469-1, 성거읍보건지소",36.8779879572184,127.199129715169
천안시시설관리공단 축구센터(인조 1구장),,,,"충청남도 천안시 서북구 축구센터로 150, 천안축구센터 (성정동)",충청남도 천안시 서북구 성정동 354 천안축구센터,"충청남도 천안시 서북구 축구센터로 150, 천안축구센터 (성정동)",36.8214400797856,127.145765483021
천안시시설관리공단 축구센터(인조 3구장),,,,"충청남도 천안시 서북구 축구센터로 150, 천안축구센터 (성정동)",충청남도 천안시 서북구 성정동 354 천안축구센터,"충청남도 천안시 서북구 축구센터로 150, 천안축구센터 (성정동)",36.8214400797856,127.145765483021
천안시시설관리공단 축구센터(인조1구장 관람석),,,,"충청남도 천안시 서북구 축구센터로 150, 천안축구센터 (성정동)",충청남도 천안시 서북구 성정동 354 천안축구센터,"충청남도 천안시 서북구 축구센터로 150, 천안축구센터 (성정동)",36.8214400797856,127.145765483021
천안시시설관리공단재활용선별장(혼합선별동 반입장 입구),,,,"충청남도 천안시 서북구 백석공단1로 97-29, 천안시재활용기반시설 (백석동)",충청남도 천안시 서북구 백석동 571-1 천안시재활용기반시설,"충청남도 천안시 서북구 백석공단1로 97-29, 천안시재활용기반시설 (백석동)",36.8327812498047,127.104487772701
천안시시설관리공단재활용선별장(본관동 1층 출입문),,,,"충청남도 천안시 서북구 백석공단1로 97-29, 천안시재활용기반시설 (백석동)",충청남도 천안시 서북구 백석동 571-1 천안시재활용기반시설,"충청남도 천안시 서북구 백석공단1로 97-29, 천안시재활용기반시설 (백석동)",36.8327812498047,127.104487772701
천안시티자이아파트(천안시티자이아파트(112동 3~4라인 입구)),,,,"충청남도 천안시 서북구 성성6로 21 (성성동, 천안시티자이)",충청남도 천안시 서북구 성성동 827 천안시티자이,"충청남도 천안시 서북구 성성6로 21 (성성동, 천안시티자이)",36.8415005347737,127.121023891904
천안시티자이아파트(천안시티자이아파트(정문 경비초소)),,,,"충청남도 천안시 서북구 성성6로 21 (성성동, 천안시티자이)",충청남도 천안시 서북구 성성동 827 천안시티자이,"충청남도 천안시 서북구 성성6로 21 (성성동, 천안시티자이)",36.8415005347737,127.121023891904
천안시티자이아파트(천안시티자이아파트(101동 3~4라인 입구)),,,,"충청남도 천안시 서북구 성성6로 21 (성성동, 천안시티자이)",충청남도 천안시 서북구 성성동 827 천안시티자이,"충청남도 천안시 서북구 성성6로 21 (성성동, 천안시티자이)",36.8415005347737,127.121023891904
천안시티자이아파트(천안시티자이아파트(102동 3~4라인 입구)),,,,"충청남도 천안시 서북구 성성6로 21 (성성동, 천안시티자이)",충청남도 천안시 서북구 성성동 827 천안시티자이,"충청남도 천안시 서북구 성성6로 21 (성성동, 천안시티자이)",36.8415005347737,127.121023891904
천안시티자이아파트(천안시티자이아파트(103동 3~4라인 입구)),,,,"충청남도 천안시 서북구 성성6로 21 (성성동, 천안시티자이)",충청남도 천안시 서북구 성성동 827 천안시티자이,"충청남도 천안시 서북구 성성6로 21 (성성동, 천안시티자이)",36.8415005347737,127.121023891904
천안시티자이아파트(천안시티자이아파트(105동 3~4라인 입구)),,,,"충청남도 천안시 서북구 성성6로 21 (성성동, 천안시티자이)",충청남도 천안시 서북구 성성동 827 천안시티자이,"충청남도 천안시 서북구 성성6로 21 (성성동, 천안시티자이)",36.8415005347737,127.121023891904
천안시티자이아파트(관리사무소),,,,"충청남도 천안시 서북구 성성6로 21  (성성동, 천안시티자이)",충청남도 천안시 서북구 성성동 827 천안시티자이,"충청남도 천안시 서북구 성성6로 21  (성성동, 천안시티자이)",36.8415005347737,127.121023891904
천안시티자이아파트(천안시티자이아파트(111동 3~4라인 입구)),,,,"충청남도 천안시 서북구 성성6로 21 (성성동, 천안시티자이)",충청남도 천안시 서북구 성성동 827 천안시티자이,"충청남도 천안시 서북구 성성6로 21 (성성동, 천안시티자이)",36.8415005347737,127.121023891904
천안시티자이아파트(천안시티자이아파트(109동 3~4라인 입구)),,,,"충청남도 천안시 서북구 성성6로 21 (성성동, 천안시티자이)",충청남도 천안시 서북구 성성동 827 천안시티자이,"충청남도 천안시 서북구 성성6로 21 (성성동, 천안시티자이)",36.8415005347737,127.121023891904
천안시티자이아파트(천안시티자이아파트(108동 3~4라인 입구)),,,,"충청남도 천안시 서북구 성성6로 21 (성성동, 천안시티자이)",충청남도 천안시 서북구 성성동 827 천안시티자이,"충청남도 천안시 서북구 성성6로 21 (성성동, 천안시티자이)",36.8415005347737,127.121023891904
천안시티자이아파트(천안시티자이아파트(107동 3~4라인 입구)),,,,"충청남도 천안시 서북구 성성6로 21 (성성동, 천안시티자이)",충청남도 천안시 서북구 성성동 827 천안시티자이,"충청남도 천안시 서북구 성성6로 21 (성성동, 천안시티자이)",36.8415005347737,127.121023891904
천안시티자이아파트(천안시티자이아파트(106동 3~4라인 입구)),,,,"충청남도 천안시 서북구 성성6로 21 (성성동, 천안시티자이)",충청남도 천안시 서북구 성성동 827 천안시티자이,"충청남도 천안시 서북구 성성6로 21 (성성동, 천안시티자이)",36.8415005347737,127.121023891904
천안시티자이아파트(천안시티자이아파트(104동 3~4라인 입구)),,,,"충청남도 천안시 서북구 성성6로 21 (성성동, 천안시티자이)",충청남도 천안시 서북구 성성동 827 천안시티자이,"충청남도 천안시 서북구 성성6로 21 (성성동, 천안시티자이)",36.8415005347737,127.121023891904
천안시티자이아파트(천안시티자이아파트(110동 3~4라인 입구)),,,,"충청남도 천안시 서북구 성성6로 21 (성성동, 천안시티자이)",충청남도 천안시 서북구 성성동 827 천안시티자이,"충청남도 천안시 서북구 성성6로 21 (성성동, 천안시티자이)",36.8415005347737,127.121023891904
천안아이파크시티(HDC현대산업개발)(HDC안전교육장),,,,충청남도 천안시 서북구 과수원길 45-27 (성성동),충청남도 천안시 서북구 성성동 34-1,충청남도 천안시 서북구 과수원길 45-27 (성성동),36.8428419365105,127.140660042661
천안아이파크시티(HDC현대산업개발)(현장내부 근로자쉼터(1)),,,,충청남도 천안시 서북구 과수원길 45-27 (성성동),충청남도 천안시 서북구 성성동 34-1,충청남도 천안시 서북구 과수원길 45-27 (성성동),36.8428419365105,127.140660042661
천안역사동아라이크텐아파트(후문 경비실),,,,"충청남도 천안시 서북구 천안천4길 20(와촌동, 천안역사 동아라이크텐)",충청남도 천안시 서북구 와촌동 186 천안역사 동아라이크텐,"충청남도 천안시 서북구 천안천4길 20(와촌동, 천안역사 동아라이크텐)",36.8085878103249,127.145038472202
천안역사동아라이크텐아파트(정문 경비실),,,,"충청남도 천안시 서북구 천안천4길 20(와촌동, 천안역사 동아라이크텐)",충청남도 천안시 서북구 와촌동 186 천안역사 동아라이크텐,"충청남도 천안시 서북구 천안천4길 20(와촌동, 천안역사 동아라이크텐)",36.8085878103249,127.145038472202
천안우체국(1층 작업장 기둥),,,,"충청남도 천안시 서북구 백석3로 105, 천안우체국 (백석동)",충청남도 천안시 서북구 백석동 898 천안우체국,"충청남도 천안시 서북구 백석3로 105, 천안우체국 (백석동)",36.8208356791178,127.123331176076
천안푸르지오레이크사이드아파트(관리동),,,,"충청남도 천안시 서북구 성성7로 36 (성성동, 천안푸르지오레이크사이드)",충청남도 천안시 서북구 성성동 968 천안푸르지오레이크사이드,"충청남도 천안시 서북구 성성7로 36 (성성동, 천안푸르지오레이크사이드)",36.843430339855,127.126395797528
코스트코코리아천안점(1층 화장실 앞),,,,"충청남도 천안시 서북구 3공단6로 77, 코스트코 (차암동)",충청남도 천안시 서북구 차암동 438 코스트코,"충청남도 천안시 서북구 3공단6로 77, 코스트코 (차암동)",36.8427208054632,127.105418949369
쿠팡풀필먼트서비스천안2센터(관리동 2층 인도인접장),,,,충청남도 천안시 서북구 성거읍 새터길 5,충청남도 천안시 서북구 성거읍 오목리 106-8,충청남도 천안시 서북구 성거읍 새터길 5,36.8990739691317,127.213575370561
쿠팡풀필먼트서비스천안2센터(물류동 1F 2코어 비상구 앞),,,,충청남도 천안시 서북구 성거읍 새터길 5,충청남도 천안시 서북구 성거읍 오목리 106-8,충청남도 천안시 서북구 성거읍 새터길 5,36.8990739691317,127.213575370561
쿠팡풀필먼트서비스천안2센터(물류동 2F 2코어 비상구 앞),,,,충청남도 천안시 서북구 성거읍 새터길 5,충청남도 천안시 서북구 성거읍 오목리 106-8,충청남도 천안시 서북구 성거읍 새터길 5,36.8990739691317,127.213575370561
쿠팡풀필먼트서비스천안2센터(물류동 B1F 2코어 비상구 앞),,,,충청남도 천안시 서북구 성거읍 새터길 5,충청남도 천안시 서북구 성거읍 오목리 106-8,충청남도 천안시 서북구 성거읍 새터길 5,36.8990739691317,127.213575370561
쿠팡풀필먼트서비스천안2센터(창고동 4층 2코어 출입문 옆),,,,충청남도 천안시 서북구 성거읍 새터길 5,충청남도 천안시 서북구 성거읍 오목리 223,충청남도 천안시 서북구 성거읍 새터길 5,36.8990739691317,127.213575370561
쿠팡풀필먼트서비스천안2센터(물류동 4F 운영스테이션 내),,,,충청남도 천안시 서북구 성거읍 새터길 5,충청남도 천안시 서북구 성거읍 오목리 106-8,충청남도 천안시 서북구 성거읍 새터길 5,36.8990739691317,127.213575370561
쿠팡풀필먼트서비스천안2센터(물류동 3F 2코어 비상구 앞),,,,충청남도 천안시 서북구 성거읍 새터길 5,충청남도 천안시 서북구 성거읍 오목리 106-8,충청남도 천안시 서북구 성거읍 새터길 5,36.8990739691317,127.213575370561
티에스이(2층로비),,,,"충청남도 천안시 서북구 직산읍 4산단5길 78, (주)티에스이",충청남도 천안시 서북구 직산읍 모시리 299 (주)티에스이,"충청남도 천안시 서북구 직산읍 4산단5길 78, (주)티에스이",36.8630718521416,127.121502776522
파크밸리동일하이빌(관리사무소 옆 상황실),,,,충청남도 천안시 서북구 봉서산1길 35,충청남도 천안시 서북구 쌍용동  2100 파크밸리동일하이빌,충청남도 천안시 서북구 봉서산1길 35,36.8118779753093,127.121974328132
포레나천안두정아파트(경비실(정문)),,,,충청남도 천안시 서북구 천안대로 980-17(두정동),충청남도 천안시 서북구 두정동 2068,충청남도 천안시 서북구 천안대로 980-17(두정동),36.8313732639261,127.152658154191
포레나천안두정아파트(관리사무소),,,,충청남도 천안시 서북구 천안대로 980-17(두정동),충청남도 천안시 서북구 두정동 2068,충청남도 천안시 서북구 천안대로 980-17(두정동),36.8313732639261,127.152658154191
포레나천안두정아파트(경비실(후문)),,,,충청남도 천안시 서북구 천안대로 980-17(두정동),충청남도 천안시 서북구 두정동 2068,충청남도 천안시 서북구 천안대로 980-17(두정동),36.8313732639261,127.152658154191
포스코모빌리트솔루션(사내(조립2동)),,,,"충청남도 천안시 서북구 직산읍 군수1길 115, 포스코모빌리티솔루션",충청남도 천안시 서북구 직산읍 군서리 399 포스코모빌리티솔루션,"충청남도 천안시 서북구 직산읍 군수1길 115, 포스코모빌리티솔루션",36.9003135104735,127.148098068349
포스코모빌리트솔루션(사내(금형동)),,,,"충청남도 천안시 서북구 직산읍 군수1길 115, 포스코모빌리티솔루션",충청남도 천안시 서북구 직산읍 군서리 399 포스코모빌리티솔루션,"충청남도 천안시 서북구 직산읍 군수1길 115, 포스코모빌리티솔루션",36.9003135104735,127.148098068349
하나머티리얼즈천안사업장(1라인 입구),,,,충청남도 천안시 서북구 3공단3로 42(백석동),충청남도 천안시 서북구 백석동 711-1,충청남도 천안시 서북구 3공단3로 42(백석동),36.8327758885699,127.114329002381
하나머티리얼즈천안사업장(3라인 로비),,,,충청남도 천안시 서북구 3공단3로 42(백석동),충청남도 천안시 서북구 백석동 711-1,충청남도 천안시 서북구 3공단3로 42(백석동),36.8327758885699,127.114329002381
한국마사회천안지점(1층 로비),,,,"충청남도 천안시 서북구 성정두정로 62, 희망빌딩 (두정동)",충청남도 천안시 서북구 두정동 1394 희망빌딩,"충청남도 천안시 서북구 성정두정로 62, 희망빌딩 (두정동)",36.830790720189,127.141872723567
한국생산기술연구원(청정기술연구소 연구동 1층 승강기 앞),,,,"충청남도 천안시 서북구 입장면 양대기로길 89, 한국생산기술연구원",충청남도 천안시 서북구 입장면 기로리 40-4 한국생산기술연구원,"충청남도 천안시 서북구 입장면 양대기로길 89, 한국생산기술연구원",36.9045461012825,127.245717563458
한국유미코아유한책임회사(2공장 보안동),,,,"충청남도 천안시 서북구 백석공단1로 199, 한국유미코아신소재 (차암동)",충청남도 천안시 서북구 차암동 429 한국유미코아신소재,"충청남도 천안시 서북구 백석공단1로 199, 한국유미코아신소재 (차암동)",36.8394114909678,127.106332135076
한국유미코아유한책임회사(3공장 보안동),,,,"충청남도 천안시 서북구 백석공단1로 199, 한국유미코아신소재 (차암동)",충청남도 천안시 서북구 차암동 429 한국유미코아신소재,"충청남도 천안시 서북구 백석공단1로 199, 한국유미코아신소재 (차암동)",36.8394114909678,127.106332135076
한국유미코아유한책임회사(4공장 보안동),,,,"충청남도 천안시 서북구 백석공단1로 199, 한국유미코아신소재 (차암동)",충청남도 천안시 서북구 차암동 429 한국유미코아신소재,"충청남도 천안시 서북구 백석공단1로 199, 한국유미코아신소재 (차암동)",36.8394114909678,127.106332135076
한국유미코아유한책임회사(1공장 보안실),,,,"충청남도 천안시 서북구 백석공단1로 199, 한국유미코아신소재 (차암동)",충청남도 천안시 서북구 차암동 429 한국유미코아신소재,"충청남도 천안시 서북구 백석공단1로 199, 한국유미코아신소재 (차암동)",36.8394114909678,127.106332135076
한국철도공사두정역(남부역사 맞이방),,,,"충청남도 천안시 서북구 두정로 289, 두정역 (두정동)",충청남도 천안시 서북구 두정동 84-1 두정역,"충청남도 천안시 서북구 두정로 289, 두정역 (두정동)",36.8329346310528,127.149020699344
한국철도공사두정역(북부역사맞이방(출입구)),,,,"충청남도 천안시 서북구 두정로 289, 두정역 (두정동)",충청남도 천안시 서북구 두정동 84-1 두정역,"충청남도 천안시 서북구 두정로 289, 두정역 (두정동)",36.8329346310528,127.149020699344
한국철도공사직산역(역무실 입구),,,,"충청남도 천안시 서북구 직산읍 천안대로 1471-33, 직산역",충청남도 천안시 서북구 직산읍 모시리 58-11 직산역,"충청남도 천안시 서북구 직산읍 천안대로 1471-33, 직산역",36.8713897700414,127.143691456107
한성3차필하우스(정문 경비실),,,,"충청남도 천안시 서북구 봉정로 366 (두정동, 한성3차필하우스아파트)",충청남도 천안시 서북구 두정동 2035 한성3차필하우스아파트,"충청남도 천안시 서북구 봉정로 366 (두정동, 한성3차필하우스아파트)",36.833377281895,127.147044776357
한성아파트(관리실 2층 복도),,,,충청남도 천안시 서북구 입장면 도림길 10(한성아파트),충청남도 천안시 서북구 입장면 도림리 341-1 한성아파트,충청남도 천안시 서북구 입장면 도림길 10(한성아파트),36.9153822337657,127.245398153653
한성필하우스1차아파트(관리동 1층),,,,"충청남도 천안시 서북구 부성6길 11 (두정동, 한성필하우스1차아파트)",충청남도 천안시 서북구 두정동 1000 한성필하우스1차아파트,"충청남도 천안시 서북구 부성6길 11 (두정동, 한성필하우스1차아파트)",36.8363564590778,127.133902699879
한화꿈에그린스마일시티(정문경비실),,,,"충청남도 천안시 서북구 3공단6로 33  (차암동, 한화꿈에그린스마일시티)",충청남도 천안시 서북구 차암동 448 한화꿈에그린스마일시티,"충청남도 천안시 서북구 3공단6로 33  (차암동, 한화꿈에그린스마일시티)",,
한화꿈에그린스마일시티(관리사무소),,,,"충청남도 천안시 서북구 3공단6로 33  (차암동, 한화꿈에그린스마일시티)",충청남도 천안시 서북구 차암동 448 한화꿈에그린스마일시티,"충청남도 천안시 서북구 3공단6로 33  (차암동, 한화꿈에그린스마일시티)",,
해누리선경아파트(관리동1층복도),,,,충청남도 천안시 서북구 충무로 158-10,충청남도 천안시 서북구 쌍용동  1363-1 선경해누리아파트,충청남도 천안시 서북구 충무로 158-10,36.792098144525,127.125158412868
현대건설힐스테이트불당더원(101호),,,,"충청남도 천안시 서북구 백석공단1로 10, 118호 (백석동)",충청남도 천안시 서북구 백석동 1206 천안 미래에이스하이테크시티,"충청남도 천안시 서북구 백석공단1로 10, 118호 (백석동)",36.823817261009,127.111088362127
현대건설힐스테이트불당더원(현장방음판),,,,충청남도 천안시 서북구 백석공단1로 10 (백석동),충청남도 천안시 서북구 백석동 1206 천안 미래에이스하이테크시티,충청남도 천안시 서북구 백석공단1로 10 (백석동),36.823817261009,127.111088362127
현대스틸산업천안공장(도장반 사무실),,,,"충청남도 천안시 서북구 성거읍 천흥8길 18-9, 동아건설산업주식회사천안공장",충청남도 천안시 서북구 성거읍 천흥리 322-1 동아건설산업주식회사천안공장,"충청남도 천안시 서북구 성거읍 천흥8길 18-9, 동아건설산업주식회사천안공장",36.882204726624,127.213765175927
현대스틸산업천안공장(안전교육장 1층),,,,"충청남도 천안시 서북구 성거읍 천흥8길 18-9, 동아건설산업주식회사천안공장",충청남도 천안시 서북구 성거읍 천흥리 322-1 동아건설산업주식회사천안공장,"충청남도 천안시 서북구 성거읍 천흥8길 18-9, 동아건설산업주식회사천안공장",36.882204726624,127.213765175927
현대스틸산업천안공장(본관동 입구),,,,"충청남도 천안시 서북구 성거읍 천흥8길 18-9, 동아건설산업주식회사천안공장",충청남도 천안시 서북구 성거읍 천흥리 322-1 동아건설산업주식회사천안공장,"충청남도 천안시 서북구 성거읍 천흥8길 18-9, 동아건설산업주식회사천안공장",36.882204726624,127.213765175927
현대스틸산업천안공장(협력사 사무실 복도),,,,"충청남도 천안시 서북구 성거읍 천흥8길 18-9, 동아건설산업주식회사천안공장",충청남도 천안시 서북구 성거읍 천흥리 322-1 동아건설산업주식회사천안공장,"충청남도 천안시 서북구 성거읍 천흥8길 18-9, 동아건설산업주식회사천안공장",36.882204726624,127.213765175927
현대아이파크홈타운1단지(관리동 2층 관리사무소 내),,,,"충청남도 천안시 서북구 충무로 124-24 (쌍용동, 현대아이파크)",충청남도 천안시 서북구 쌍용동 2045 현대아이파크,"충청남도 천안시 서북구 충무로 124-24 (쌍용동, 현대아이파크)",36.7904667819932,127.124630748939
현대차증권천안아산지점(영업점 출입문 옆),,,,"충청남도 천안시 서북구 불당22대로 92, 마블러스티타워 3층 (불당동)",충청남도 천안시 서북구 불당동 1535-1 마블러스티타워,"충청남도 천안시 서북구 불당22대로 92, 마블러스티타워 3층 (불당동)",36.8153477619773,127.108718302549
효성해링턴플레이스스마일시티아파트(정문경비실),,,,충청남도 천안시 서북구 3공단6로 123,충청남도 천안시 서북구 차암동  550 효성해링턴플레이스 스마일시티,충청남도 천안시 서북구 3공단6로 123,,
효성해링턴플레이스스마일시티아파트(헬스장내부),,,,"충청남도 천안시 서북구 3공단6로 123 (차암동, 효성해링턴플레이스 스마일시티)",충청남도 천안시 서북구 차암동 550 효성해링턴플레이스 스마일시티,"충청남도 천안시 서북구 3공단6로 123 (차암동, 효성해링턴플레이스 스마일시티)",,
효성해링턴플레이스스마일시티아파트(관리사무소앞),,,,"충청남도 천안시 서북구 3공단6로 123 (차암동, 효성해링턴플레이스 스마일시티)",충청남도 천안시 서북구 차암동 550 효성해링턴플레이스 스마일시티,"충청남도 천안시 서북구 3공단6로 123 (차암동, 효성해링턴플레이스 스마일시티)",,
효성해링턴플레이스스마일시티아파트(후문경비실입구),,,,충청남도 천안시 서북구 3공단6로 123,충청남도 천안시 서북구 3공단6로 123,충청남도 천안시 서북구 3공단6로 123,,
힐스테이트두정역아파트(정문경비실),,,,"충청남도 천안시 서북구 북일로 50 (두정동, 힐스테이트 두정역)",충청남도 천안시 서북구 두정동 2082 힐스테이트 두정역,"충청남도 천안시 서북구 북일로 50 (두정동, 힐스테이트 두정역)",36.8290130079559,127.152857364185
힐스테이트두정역아파트(커뮤니티 지하2층 복도),,,,"충청남도 천안시 서북구 북일로 50 (두정동, 힐스테이트 두정역)",충청남도 천안시 서북구 두정동 2082 힐스테이트 두정역,"충청남도 천안시 서북구 북일로 50 (두정동, 힐스테이트 두정역)",36.8290130079559,127.152857364185
대우그린아파트(대우그린아파트 노인정앞),,,,충청남도 천안시 서북구 봉정로 386 (두정동),충청남도 천안시 서북구 두정동 1617,충청남도 천안시 서북구 봉정로 386 (두정동),36.8363799703455,127.145857390808
에드워드코리아(2층 사무실),,,,"충청남도 천안시 서북구 3공단6로 80, 에드워드코리아 (차암동)",충청남도 천안시 서북구 차암동 428 에드워드코리아,"충청남도 천안시 서북구 3공단6로 80, 에드워드코리아 (차암동)",36.8414553726682,127.106441135164
에드워드코리아(1층 가공부),,,,"충청남도 천안시 서북구 3공단6로 80, 에드워드코리아 (차암동)",충청남도 천안시 서북구 차암동 428 에드워드코리아,"충청남도 천안시 서북구 3공단6로 80, 에드워드코리아 (차암동)",36.8414553726682,127.106441135164
에드워드코리아(1층 양호실),,,,"충청남도 천안시 서북구 3공단6로 80, 에드워드코리아 (차암동)",충청남도 천안시 서북구 차암동 428 에드워드코리아,"충청남도 천안시 서북구 3공단6로 80, 에드워드코리아 (차암동)",36.8414553726682,127.106441135164
에드워드코리아(1층 생산부),,,,"충청남도 천안시 서북구 3공단6로 80, 에드워드코리아 (차암동)",충청남도 천안시 서북구 차암동 428 에드워드코리아,"충청남도 천안시 서북구 3공단6로 80, 에드워드코리아 (차암동)",36.8414553726682,127.106441135164
쿠팡풀필먼트서비스천안6센터(건강관리실),,,,충청남도 천안시 서북구 입장면 용정도하길 181,충청남도 천안시 서북구 입장면 용정리 388,충청남도 천안시 서북구 입장면 용정도하길 181,36.9234779024136,127.184446419846
쿠팡풀필먼트서비스천안6센터(4층 화물엘리베이터 옆),,,,충청남도 천안시 서북구 입장면 용정도하길 181,충청남도 천안시 서북구 입장면 용정리 388,충청남도 천안시 서북구 입장면 용정도하길 181,36.9234779024136,127.184446419846
쿠팡풀필먼트서비스천안6센터(3층 화물엘리베이터 옆),,,,충청남도 천안시 서북구 입장면 용정도하길 181,충청남도 천안시 서북구 입장면 용정리 388,충청남도 천안시 서북구 입장면 용정도하길 181,36.9234779024136,127.184446419846
극동늘푸른아파트(정문중앙초소),,,,"충청남도 천안시 서북구 늘푸른6길 42 (두정동, 극동늘푸른아파트)",충청남도 천안시 서북구 두정동 526-2 극동늘푸른아파트,"충청남도 천안시 서북구 늘푸른6길 42 (두정동, 극동늘푸른아파트)",36.8284719354431,127.132307096209
천안시서북구보건소(보건소 1층 민원실 내),,,,"충청남도 천안시 서북구 번영로 156, 천안시청 (불당동)",충청남도 천안시 서북구 불당동 234-1 천안시청,"충청남도 천안시 서북구 번영로 156, 천안시청 (불당동)",36.8161298541125,127.113046978689
주공6단지2차(관리동 1층),,,,충청남도 천안시 서북구 쌍용대로 289-25,충청남도 천안시 서북구 쌍용대로 289-25,충청남도 천안시 서북구 쌍용대로 289-25,36.823325098205,127.13389714108
주공6단지2차(관리동 입구),,,,충청남도 천안시 서북구 쌍용대로 289-25,충청남도 천안시 서북구 쌍용대로 289-25,충청남도 천안시 서북구 쌍용대로 289-25,36.823325098205,127.13389714108
포스코모빌리트솔루션(사내(코아동)),,,,"충청남도 천안시 서북구 직산읍 군수1길 115, 포스코모빌리티솔루션",충청남도 천안시 서북구 직산읍 군서리 399 포스코모빌리티솔루션,"충청남도 천안시 서북구 직산읍 군수1길 115, 포스코모빌리티솔루션",36.9003135104735,127.148098068349
(주)지에스아이(5공장 탈의실),,,,충청남도 천안시 서북구 직산읍 부송로 165-23,충청남도 천안시 서북구 직산읍 양당리 218-5,충청남도 천안시 서북구 직산읍 부송로 165-23,36.8858839711583,127.109514625572
세메스천안2사업장(1층 엘레베이터 앞),,,,충청남도 천안시 서북구 직산읍 4산단3로 96,충청남도 천안시 서북구 직산읍 모시리 288,충청남도 천안시 서북구 직산읍 4산단3로 96,36.8631128198747,127.118228796262
세메스천안1사업장(3층 로비 중앙계단 옆),,,,"충청남도 천안시 서북구 직산읍 4산단5길 77, 세메스",충청남도 천안시 서북구 직산읍 모시리 278 세메스,"충청남도 천안시 서북구 직산읍 4산단5길 77, 세메스",36.8652571216439,127.122024805027
천안개방교도소(보안청사 접견실 앞),,,,충청남도 천안시 서북구 신당새터1길 1 (신당동),충청남도 천안시 서북구 신당동 112,충청남도 천안시 서북구 신당새터1길 1 (신당동),,
삼성디스플레이(주)(A1 B1F A반입구),,,,"충청남도 천안시 서북구 번영로 465, 삼성전자(주)천안캠퍼스 (성성동)",충청남도 천안시 서북구 성성동 510 삼성전자(주)천안캠퍼스,"충청남도 천안시 서북구 번영로 465, 삼성전자(주)천안캠퍼스 (성성동)",36.8417769471557,127.118837229524
삼성디스플레이(주)(A1 B1F B반 입구),,,,"충청남도 천안시 서북구 번영로 465, 삼성전자(주)천안캠퍼스 (성성동)",충청남도 천안시 서북구 성성동 510 삼성전자(주)천안캠퍼스,"충청남도 천안시 서북구 번영로 465, 삼성전자(주)천안캠퍼스 (성성동)",36.8417769471557,127.118837229524
입장보건지소(보건지소1층),,,,"충청남도 천안시 서북구 입장면 입장로 129, 입장면사무소",충청남도 천안시 서북구 입장면 하장리 77-1 입장면사무소,"충청남도 천안시 서북구 입장면 입장로 129, 입장면사무소",36.9129555716025,127.221275445005
천안시서북구보건소(구급차),,,,"충청남도 천안시 서북구 번영로 156, 천안시청 (불당동)",충청남도 천안시 서북구 불당동 234-1 천안시청,"충청남도 천안시 서북구 번영로 156, 천안시청 (불당동)",36.8161298541125,127.113046978689
천안시서북구보건소(보건소 1층),,,,"충청남도 천안시 서북구 번영로 156, 천안시청 (불당동)",충청남도 천안시 서북구 불당동 234-1 천안시청,"충청남도 천안시 서북구 번영로 156, 천안시청 (불당동)",36.8161298541125,127.113046978689
천안레이크타운2차푸르지오(레이크타운2차푸르지오관리사무소),,,,"충청남도 천안시 서북구 성성9로 14  (성성동, 천안레이크타운2차 푸르지오)",충청남도 천안시 서북구 성성동 697 천안레이크타운2차 푸르지오,"충청남도 천안시 서북구 성성9로 14  (성성동, 천안레이크타운2차 푸르지오)",36.8412081869034,127.132057161454
천안레이크타운2차푸르지오(213동 3-4라인 지하주차장 1층),,,,"충청남도 천안시 서북구 성성9로 14  (성성동, 천안레이크타운2차 푸르지오)","충청남도 천안시 서북구 성성9로 14  (성성동, 천안레이크타운2차 푸르지오)","충청남도 천안시 서북구 성성9로 14  (성성동, 천안레이크타운2차 푸르지오)",36.8412081869034,127.132057161454
두정역효성해링턴플레이스아파트(커뮤니티센터 입구 로비),,,,"충청남도 천안시 서북구 봉정로 324 (두정동, 두정역 효성해링턴 플레이스)",충청남도 천안시 서북구 두정동 63-6 두정역 효성해링턴 플레이스,"충청남도 천안시 서북구 봉정로 324 (두정동, 두정역 효성해링턴 플레이스)",36.8312630101477,127.148426142786
천안불당린스트라우스2단지(관리사무소201동3/4),,,,"충청남도 천안시 서북구 불당19로 111  (불당동, 천안불당린스트라우스2단지)",충청남도 천안시 서북구 불당동 1546 천안불당린스트라우스2단지,"충청남도 천안시 서북구 불당19로 111  (불당동, 천안불당린스트라우스2단지)",36.8152184648836,127.100509809173
시티프라디움3차(정문 1 초소옆),,,,"충청남도 천안시 서북구 공원로 176, 천안불당 시티프라디움 3차 (불당동)",충청남도 천안시 서북구 불당동 1280 천안불당 시티프라디움 3차,"충청남도 천안시 서북구 공원로 176, 천안불당 시티프라디움 3차 (불당동)",36.7974228064473,127.098968299806
시티프라디움3차(스포츠센터 수영장),,,,"충청남도 천안시 서북구 공원로 176, 천안불당 시티프라디움 3차 (불당동)",충청남도 천안시 서북구 불당동 1280 천안불당 시티프라디움 3차,"충청남도 천안시 서북구 공원로 176, 천안불당 시티프라디움 3차 (불당동)",36.7974228064473,127.098968299806
시티프라디움3차(스포츠센터 입구),,,,"충청남도 천안시 서북구 공원로 176, 천안불당 시티프라디움 3차 (불당동)",충청남도 천안시 서북구 불당동 1280 천안불당 시티프라디움 3차,"충청남도 천안시 서북구 공원로 176, 천안불당 시티프라디움 3차 (불당동)",36.7974228064473,127.098968299806
시티프라디움3차(관리사무실앞),,,,"충청남도 천안시 서북구 공원로 176, 천안불당 시티프라디움 3차 (불당동)",충청남도 천안시 서북구 불당동 1280 천안불당 시티프라디움 3차,"충청남도 천안시 서북구 공원로 176, 천안불당 시티프라디움 3차 (불당동)",36.7974228064473,127.098968299806
천안레이크타운2차푸르지오(212동 1-2라인 지하주차장 1층),,,,"충청남도 천안시 서북구 성성9로 14 (성성동, 천안레이크타운2차 푸르지오)",충청남도 천안시 서북구 성성동 697 천안레이크타운2차 푸르지오,"충청남도 천안시 서북구 성성9로 14 (성성동, 천안레이크타운2차 푸르지오)",36.8412081869034,127.132057161454
천안레이크타운2차푸르지오(211동 1-2라인 지하주차장 1층),,,,"충청남도 천안시 서북구 성성9로 14 (성성동, 천안레이크타운2차 푸르지오)",충청남도 천안시 서북구 성성동 697 천안레이크타운2차 푸르지오,"충청남도 천안시 서북구 성성9로 14 (성성동, 천안레이크타운2차 푸르지오)",36.8412081869034,127.132057161454
천안레이크타운2차푸르지오(210동 1-2라인 지하주차장1층),,,,"충청남도 천안시 서북구 성성9로 14 (성성동, 천안레이크타운2차 푸르지오)",충청남도 천안시 서북구 성성동 697 천안레이크타운2차 푸르지오,"충청남도 천안시 서북구 성성9로 14 (성성동, 천안레이크타운2차 푸르지오)",36.8412081869034,127.132057161454
천안레이크타운2차푸르지오(209동 3-4라인 지하주차장1층),,,,"충청남도 천안시 서북구 성성9로 14 (성성동, 천안레이크타운2차 푸르지오)",충청남도 천안시 서북구 성성동 697 천안레이크타운2차 푸르지오,"충청남도 천안시 서북구 성성9로 14 (성성동, 천안레이크타운2차 푸르지오)",36.8412081869034,127.132057161454
천안레이크타운2차푸르지오(208동 3-4라인 지하주차장1층),,,,"충청남도 천안시 서북구 성성9로 14 (성성동, 천안레이크타운2차 푸르지오)",충청남도 천안시 서북구 성성동 697 천안레이크타운2차 푸르지오,"충청남도 천안시 서북구 성성9로 14 (성성동, 천안레이크타운2차 푸르지오)",36.8412081869034,127.132057161454
천안레이크타운2차푸르지오(207동 1-2라인 지하주차장1층),,,,"충청남도 천안시 서북구 성성9로 14 (성성동, 천안레이크타운2차 푸르지오)",충청남도 천안시 서북구 성성동 697 천안레이크타운2차 푸르지오,"충청남도 천안시 서북구 성성9로 14 (성성동, 천안레이크타운2차 푸르지오)",36.8412081869034,127.132057161454
천안레이크타운2차푸르지오(206동 지하주차장 1층(장애인주차구역)),,,,"충청남도 천안시 서북구 성성9로 14 (성성동, 천안레이크타운2차 푸르지오)",충청남도 천안시 서북구 성성동 697 천안레이크타운2차 푸르지오,"충청남도 천안시 서북구 성성9로 14 (성성동, 천안레이크타운2차 푸르지오)",36.8412081869034,127.132057161454
천안레이크타운2차푸르지오(205동 지하주차장 1층(81기둥)),,,,"충청남도 천안시 서북구 성성9로 14 (성성동, 천안레이크타운2차 푸르지오)",충청남도 천안시 서북구 성성동 697 천안레이크타운2차 푸르지오,"충청남도 천안시 서북구 성성9로 14 (성성동, 천안레이크타운2차 푸르지오)",36.8412081869034,127.132057161454
천안레이크타운2차푸르지오(204동 지하주차장 1층(62기둥옆)),,,,"충청남도 천안시 서북구 성성9로 14 (성성동, 천안레이크타운2차 푸르지오)",충청남도 천안시 서북구 성성동 697 천안레이크타운2차 푸르지오,"충청남도 천안시 서북구 성성9로 14 (성성동, 천안레이크타운2차 푸르지오)",36.8412081869034,127.132057161454
천안레이크타운2차푸르지오(203동 지하주차장 1층(27기둥옆)),,,,"충청남도 천안시 서북구 성성9로 14 (성성동, 천안레이크타운2차 푸르지오)",충청남도 천안시 서북구 성성동 697 천안레이크타운2차 푸르지오,"충청남도 천안시 서북구 성성9로 14 (성성동, 천안레이크타운2차 푸르지오)",36.8412081869034,127.132057161454
천안레이크타운2차푸르지오(202동 지하주차장1층(12기둥)),,,,"충청남도 천안시 서북구 성성9로 14 (성성동, 천안레이크타운2차 푸르지오)",충청남도 천안시 서북구 성성동 697 천안레이크타운2차 푸르지오,"충청남도 천안시 서북구 성성9로 14 (성성동, 천안레이크타운2차 푸르지오)",36.8412081869034,127.132057161454
천안레이크타운2차푸르지오(201동 지하주차장1층(장애인주차구역)),,,,"충청남도 천안시 서북구 성성9로 14 (성성동, 천안레이크타운2차 푸르지오)",충청남도 천안시 서북구 성성동 697 천안레이크타운2차 푸르지오,"충청남도 천안시 서북구 성성9로 14 (성성동, 천안레이크타운2차 푸르지오)",36.8412081869034,127.132057161454
천안레이크타운푸르지오(유즈센터 생활지원센터),,,,충청남도 천안시 서북구 성성6로 111,충청남도 천안시 서북구 성성동  696 천안레이크타운푸르지오,충청남도 천안시 서북구 성성6로 111,36.8425192661318,127.132245973401
한국마사회천안지점(3층 사무실 앞),,,,"충청남도 천안시 서북구 성정두정로 62, 희망빌딩 (두정동)",충청남도 천안시 서북구 두정동 1394번지 희망빌딩,"충청남도 천안시 서북구 성정두정로 62, 희망빌딩 (두정동)",36.830790720189,127.141872723567
쌍용동주공7단지1차(관리동 1층 복도),,,,"충청남도 천안시 서북구 쌍용11길 57 (쌍용동, 주공7단지1차아파트)",충청남도 천안시 서북구 쌍용동 1284번지 주공7단지1차아파트,"충청남도 천안시 서북구 쌍용11길 57 (쌍용동, 주공7단지1차아파트)",36.8024944682492,127.126429342516
천안불당LH1단지아파트(관리사무소),,,,"충청남도 천안시 서북구 불당24로 9 (불당동, 천안불당엘에이치1단지)",충청남도 천안시 서북구 불당동 1463번지 천안불당엘에이치1단지,"충청남도 천안시 서북구 불당24로 9 (불당동, 천안불당엘에이치1단지)",36.8233074168387,127.102767597978
천안불당LH1단지아파트(후문 경비실),,,,"충청남도 천안시 서북구 불당24로 9 (불당동, 천안불당엘에이치1단지)",충청남도 천안시 서북구 불당동 1463번지 천안불당엘에이치1단지,"충청남도 천안시 서북구 불당24로 9 (불당동, 천안불당엘에이치1단지)",36.8233074168387,127.102767597978
천안불당LH1단지아파트(정문 경비실),,,,"충청남도 천안시 서북구 불당24로 9 (불당동, 천안불당엘에이치1단지)",충청남도 천안시 서북구 불당동 1463번지 천안불당엘에이치1단지,"충청남도 천안시 서북구 불당24로 9 (불당동, 천안불당엘에이치1단지)",36.8233074168387,127.102767597978
일성능수아파트(아파트관리실 지하1층 입주자대표회의실옆),,,,충청남도 천안시 서북구 쌍용17길 25 일성능수아파트,충청남도 천안시 서북구 쌍용동 652 일성능수아파트 일성능수아파트,충청남도 천안시 서북구 쌍용17길 25 일성능수아파트,36.7982611508619,127.124102849599
천안시시설관리공단(한들문화센터)(한들문화센터 1층 로비),,,,충청남도 천안시 서북구 음봉로 861-50 한들문화센터,충청남도 천안시 서북구 백석동  591 한들문화센터 한들문화센터,충청남도 천안시 서북구 음봉로 861-50 한들문화센터,36.828034199931,127.104606412951
천안시시설관리공단(한들문화센터)(한들문화센터 2층 엘리베이터 옆),,,,충청남도 천안시 서북구 음봉로 861-50 한들문화센터,충청남도 천안시 서북구 백석동  591 한들문화센터 한들문화센터,충청남도 천안시 서북구 음봉로 861-50 한들문화센터,36.828034199931,127.104606412951
천안시시설관리공단(한들문화센터)(한들문화센터 의무실),,,,충청남도 천안시 서북구 음봉로 861-50 한들문화센터,충청남도 천안시 서북구 백석동  591 한들문화센터 한들문화센터,충청남도 천안시 서북구 음봉로 861-50 한들문화센터,36.828034199931,127.104606412951
